date,city,city_name,level_code,level,kind,created_at
2026-07-26,baoding,保定,1,很低,observed,2026-07-26T17:16:18
2026-07-26,baotou,包头,2,低,observed,2026-07-26T18:14:56
2026-07-26,beijing,北京,2,低,observed,2026-07-26T23:30:00
2026-07-26,botou,泊头,1,很低,observed,2026-07-26T16:10:21
2026-07-26,cangzhou,沧州,1,很低,observed,2026-07-26T17:13:52
2026-07-26,changchun,长春,1,很低,observed,2026-07-26T17:03:22
2026-07-26,changsha,长沙,-1,暂无,observed,2026-07-26T23:30:00
2026-07-26,chengde,承德,-1,暂无,observed,2026-07-26T17:07:46
2026-07-26,chengdu,成都,1,很低,observed,2026-07-26T23:30:00
2026-07-26,chifeng,赤峰,2,低,observed,2026-07-26T20:22:31
2026-07-26,chongqing,重庆,1,很低,observed,2026-07-26T21:01:58
2026-07-26,dalian,大连,1,很低,observed,2026-07-26T17:40:11
2026-07-26,eerduosi,鄂尔多斯,4,高,observed,2026-07-26T18:08:46
2026-07-26,fuzhou,福州,-1,暂无,observed,2026-07-26T16:37:24
2026-07-26,guangzhou,广州,1,很低,observed,2026-07-26T18:55:32
2026-07-26,guiyang,贵阳,-1,暂无,observed,2026-07-26T18:38:50
2026-07-26,haerbin,哈尔滨,1,很低,observed,2026-07-26T19:48:43
2026-07-26,haikou,海口,1,很低,observed,2026-07-26T23:30:00
2026-07-26,hangzhou,杭州,-1,暂无,observed,2026-07-26T19:40:10
2026-07-26,hefei,合肥,-1,暂无,observed,2026-07-26T23:30:00
2026-07-26,huhehaote,呼和浩特,3,中,observed,2026-07-26T19:19:13
2026-07-26,jinan,济南,1,很低,observed,2026-07-26T17:58:54
2026-07-26,jiuquan,酒泉,-1,暂无,observed,
2026-07-26,kunming,昆明,1,很低,observed,2026-07-26T23:30:00
2026-07-26,lanzhou,兰州,2,低,observed,2026-07-26T23:25:09
2026-07-26,lasa,拉萨,2,低,observed,2026-07-26T19:09:41
2026-07-26,liaocheng,聊城,1,很低,observed,2026-07-26T16:06:23
2026-07-26,liupanshui,六盘水,2,低,observed,2026-07-26T16:47:50
2026-07-26,nanchang,南昌,1,很低,observed,2026-07-26T18:59:18
2026-07-26,nanchong,南充,1,很低,observed,2026-07-26T17:54:41
2026-07-26,nanning,南宁,2,低,observed,2026-07-26T18:33:40
2026-07-26,shanghai,上海,1,很低,observed,2026-07-26T23:30:00
2026-07-26,shenyang,沈阳,1,很低,observed,2026-07-26T23:30:00
2026-07-26,shenzhen,深圳,-1,暂无,observed,2026-07-26T23:30:00
2026-07-26,shijiazhuang,石家庄,2,低,observed,2026-07-26T21:19:09
2026-07-26,taiyuan,太原,1,很低,observed,2026-07-26T23:30:00
2026-07-26,tianjin,天津,1,很低,observed,2026-07-26T22:10:50
2026-07-26,wuhai,乌海,2,低,observed,2026-07-26T18:25:10
2026-07-26,wuhan,武汉,-1,暂无,observed,2026-07-26T23:30:00
2026-07-26,wulanhaote,乌兰浩特,-1,暂无,observed,2026-07-26T23:30:00
2026-07-26,wulumuqi,乌鲁木齐,2,低,observed,2026-07-26T20:40:12
2026-07-26,wuxi,无锡,1,很低,observed,2026-07-26T19:19:58
2026-07-26,xian,西安,1,很低,observed,2026-07-26T19:34:28
2026-07-26,xianyang,咸阳,1,很低,observed,2026-07-26T16:53:10
2026-07-26,xining,西宁,1,很低,observed,2026-07-26T21:50:19
2026-07-26,yanan,延安,-1,暂无,observed,2026-07-26T23:30:00
2026-07-26,yangzhou,扬州,1,很低,observed,2026-07-26T19:52:30
2026-07-26,yantai,烟台,1,很低,observed,2026-07-26T16:38:10
2026-07-26,yinchuan,银川,2,低,observed,2026-07-26T17:53:28
2026-07-26,yulin,榆林,1,很低,observed,2026-07-26T20:42:35
2026-07-26,zhangjiakou,张家口,2,低,observed,2026-07-26T19:14:12
2026-07-26,zhengzhou,郑州,1,很低,observed,2026-07-26T18:01:15
2026-07-26,zibo,淄博,1,很低,observed,2026-07-26T23:30:00
2026-07-27,baoding,保定,1,很低,observed,2026-07-27T17:21:59
2026-07-27,baotou,包头,2,低,observed,2026-07-27T17:23:54
2026-07-27,beijing,北京,1,很低,observed,2026-07-27T23:30:00
2026-07-27,botou,泊头,1,很低,observed,2026-07-27T22:37:29
2026-07-27,cangzhou,沧州,1,很低,observed,2026-07-27T16:25:16
2026-07-27,changchun,长春,1,很低,observed,2026-07-27T16:31:12
2026-07-27,changsha,长沙,-1,暂无,observed,2026-07-27T23:30:00
2026-07-27,chengde,承德,1,很低,observed,2026-07-27T17:07:55
2026-07-27,chengdu,成都,1,很低,observed,2026-07-27T20:08:50
2026-07-27,chifeng,赤峰,2,低,observed,2026-07-27T21:52:08
2026-07-27,chongqing,重庆,1,很低,observed,2026-07-27T20:54:28
2026-07-27,dalian,大连,-1,暂无,observed,2026-07-27T17:30:29
2026-07-27,eerduosi,鄂尔多斯,4,高,observed,2026-07-27T18:01:06
2026-07-27,fuzhou,福州,1,很低,observed,2026-07-27T23:30:00
2026-07-27,guangzhou,广州,1,很低,observed,2026-07-27T19:42:15
2026-07-27,guiyang,贵阳,-1,暂无,observed,2026-07-27T23:30:00
2026-07-27,haerbin,哈尔滨,1,很低,observed,2026-07-27T20:03:22
2026-07-27,haikou,海口,1,很低,observed,2026-07-27T23:30:00
2026-07-27,hangzhou,杭州,-1,暂无,observed,2026-07-27T21:51:45
2026-07-27,hefei,合肥,-1,暂无,observed,2026-07-27T23:30:00
2026-07-27,huhehaote,呼和浩特,3,中,observed,2026-07-27T20:08:01
2026-07-27,jinan,济南,1,很低,observed,2026-07-27T19:23:44
2026-07-27,jiuquan,酒泉,-1,暂无,observed,
2026-07-27,kunming,昆明,1,很低,observed,2026-07-27T23:22:01
2026-07-27,lanzhou,兰州,2,低,observed,2026-07-27T22:12:04
2026-07-27,lasa,拉萨,2,低,observed,2026-07-27T18:03:29
2026-07-27,liaocheng,聊城,-1,暂无,observed,2026-07-27T16:26:06
2026-07-27,liupanshui,六盘水,2,低,observed,2026-07-27T22:12:05
2026-07-27,nanchang,南昌,1,很低,observed,2026-07-27T17:12:02
2026-07-27,nanchong,南充,1,很低,observed,2026-07-27T16:53:46
2026-07-27,nanning,南宁,1,很低,observed,2026-07-27T17:02:00
2026-07-27,shanghai,上海,-1,暂无,observed,2026-07-27T23:30:00
2026-07-27,shenyang,沈阳,1,很低,observed,2026-07-27T20:41:04
2026-07-27,shenzhen,深圳,-1,暂无,observed,2026-07-27T23:30:00
2026-07-27,shijiazhuang,石家庄,2,低,observed,2026-07-27T22:10:58
2026-07-27,taiyuan,太原,1,很低,observed,2026-07-27T17:57:03
2026-07-27,tianjin,天津,1,很低,observed,2026-07-27T16:16:37
2026-07-27,wuhai,乌海,3,中,observed,2026-07-27T17:57:57
2026-07-27,wuhan,武汉,1,很低,observed,2026-07-27T18:04:37
2026-07-27,wulanhaote,乌兰浩特,-1,暂无,observed,2026-07-27T23:30:00
2026-07-27,wulumuqi,乌鲁木齐,3,中,observed,2026-07-27T21:11:06
2026-07-27,wuxi,无锡,-1,暂无,observed,2026-07-27T22:23:56
2026-07-27,xian,西安,1,很低,observed,2026-07-27T17:05:46
2026-07-27,xianyang,咸阳,1,很低,observed,2026-07-27T16:48:26
2026-07-27,xining,西宁,1,很低,observed,2026-07-27T21:56:05
2026-07-27,yanan,延安,1,很低,observed,2026-07-27T17:13:10
2026-07-27,yangzhou,扬州,1,很低,observed,2026-07-27T18:03:01
2026-07-27,yantai,烟台,1,很低,observed,2026-07-27T16:34:25
2026-07-27,yinchuan,银川,2,低,observed,2026-07-27T18:04:06
2026-07-27,yulin,榆林,2,低,observed,2026-07-27T23:30:00
2026-07-27,zhangjiakou,张家口,3,中,observed,2026-07-27T17:52:58
2026-07-27,zhengzhou,郑州,-1,暂无,observed,2026-07-27T19:59:12
2026-07-27,zibo,淄博,1,很低,observed,2026-07-27T23:30:00
2026-07-28,baoding,保定,1,很低,observed,2026-07-28T17:19:54
2026-07-28,baotou,包头,2,低,observed,2026-07-28T16:31:16
2026-07-28,beijing,北京,1,很低,observed,2026-07-28T23:30:00
2026-07-28,botou,泊头,1,很低,observed,2026-07-28T16:56:25
2026-07-28,cangzhou,沧州,1,很低,observed,2026-07-28T23:30:00
2026-07-28,changchun,长春,1,很低,observed,2026-07-28T16:05:52
2026-07-28,changsha,长沙,-1,暂无,observed,2026-07-28T23:30:00
2026-07-28,chengde,承德,1,很低,observed,2026-07-28T22:11:07
2026-07-28,chengdu,成都,1,很低,observed,2026-07-28T23:30:00
2026-07-28,chifeng,赤峰,2,低,observed,2026-07-28T20:06:20
2026-07-28,chongqing,重庆,1,很低,observed,2026-07-28T23:15:02
2026-07-28,dalian,大连,1,很低,observed,2026-07-28T17:39:16
2026-07-28,eerduosi,鄂尔多斯,4,高,observed,2026-07-28T18:01:35
2026-07-28,fuzhou,福州,-1,暂无,observed,2026-07-28T17:55:39
2026-07-28,guangzhou,广州,1,很低,observed,2026-07-28T22:41:06
2026-07-28,guiyang,贵阳,1,很低,observed,2026-07-28T23:30:00
2026-07-28,haerbin,哈尔滨,1,很低,observed,2026-07-28T20:07:57
2026-07-28,haikou,海口,1,很低,observed,2026-07-28T23:30:00
2026-07-28,hangzhou,杭州,-1,暂无,observed,2026-07-28T19:01:15
2026-07-28,hefei,合肥,-1,暂无,observed,2026-07-28T23:30:00
2026-07-28,huhehaote,呼和浩特,3,中,observed,2026-07-28T23:30:00
2026-07-28,jinan,济南,1,很低,observed,2026-07-28T18:10:12
2026-07-28,jiuquan,酒泉,-1,暂无,observed,
2026-07-28,kunming,昆明,1,很低,observed,2026-07-28T22:06:01
2026-07-28,lanzhou,兰州,2,低,observed,2026-07-28T22:34:27
2026-07-28,lasa,拉萨,2,低,observed,2026-07-28T17:52:27
2026-07-28,liaocheng,聊城,-1,暂无,observed,2026-07-28T16:24:38
2026-07-28,liupanshui,六盘水,1,很低,observed,2026-07-28T21:33:36
2026-07-28,nanchang,南昌,1,很低,observed,2026-07-28T17:12:09
2026-07-28,nanchong,南充,1,很低,observed,2026-07-28T18:15:42
2026-07-28,nanning,南宁,1,很低,observed,2026-07-28T17:40:26
2026-07-28,shanghai,上海,1,很低,observed,2026-07-28T16:24:26
2026-07-28,shenyang,沈阳,3,中,observed,2026-07-28T19:29:19
2026-07-28,shenzhen,深圳,-1,暂无,observed,2026-07-28T17:50:58
2026-07-28,shijiazhuang,石家庄,2,低,observed,2026-07-28T22:26:08
2026-07-28,taiyuan,太原,1,很低,observed,2026-07-28T19:30:13
2026-07-28,tianjin,天津,1,很低,observed,2026-07-28T16:14:39
2026-07-28,wuhai,乌海,3,中,observed,2026-07-28T17:07:50
2026-07-28,wuhan,武汉,-1,暂无,observed,2026-07-28T23:30:00
2026-07-28,wulanhaote,乌兰浩特,-1,暂无,observed,2026-07-28T23:30:00
2026-07-28,wulumuqi,乌鲁木齐,3,中,observed,2026-07-28T21:35:22
2026-07-28,wuxi,无锡,1,很低,observed,2026-07-28T17:06:23
2026-07-28,xian,西安,1,很低,observed,2026-07-28T16:53:59
2026-07-28,xianyang,咸阳,1,很低,observed,2026-07-28T16:27:26
2026-07-28,xining,西宁,1,很低,observed,2026-07-28T21:34:18
2026-07-28,yanan,延安,1,很低,observed,2026-07-28T23:30:00
2026-07-28,yangzhou,扬州,-1,暂无,observed,2026-07-28T23:30:00
2026-07-28,yantai,烟台,1,很低,observed,2026-07-28T16:48:41
2026-07-28,yinchuan,银川,1,很低,observed,2026-07-28T18:22:53
2026-07-28,yulin,榆林,1,很低,observed,2026-07-28T23:30:00
2026-07-28,zhangjiakou,张家口,2,低,observed,2026-07-28T18:02:47
2026-07-28,zhengzhou,郑州,-1,暂无,observed,2026-07-28T18:24:00
2026-07-28,zibo,淄博,1,很低,observed,2026-07-28T23:30:00
2026-07-29,baoding,保定,1,很低,observed,2026-07-29T17:40:25
2026-07-29,baotou,包头,2,低,observed,2026-07-29T17:27:15
2026-07-29,beijing,北京,2,低,observed,2026-07-29T23:30:00
2026-07-29,botou,泊头,1,很低,observed,2026-07-29T16:59:07
2026-07-29,cangzhou,沧州,1,很低,observed,2026-07-29T16:26:39
2026-07-29,changchun,长春,1,很低,observed,2026-07-29T21:13:54
2026-07-29,changsha,长沙,-1,暂无,observed,2026-07-29T23:30:00
2026-07-29,chengde,承德,1,很低,observed,2026-07-29T17:07:58
2026-07-29,chengdu,成都,1,很低,observed,2026-07-29T20:22:29
2026-07-29,chifeng,赤峰,2,低,observed,2026-07-29T22:11:05
2026-07-29,chongqing,重庆,1,很低,observed,2026-07-29T23:24:21
2026-07-29,dalian,大连,1,很低,observed,2026-07-29T17:04:14
2026-07-29,eerduosi,鄂尔多斯,5,很高,observed,2026-07-29T18:01:12
2026-07-29,fuzhou,福州,1,很低,observed,2026-07-29T18:12:21
2026-07-29,guangzhou,广州,1,很低,observed,2026-07-29T22:19:41
2026-07-29,guiyang,贵阳,1,很低,observed,2026-07-29T23:30:00
2026-07-29,haerbin,哈尔滨,1,很低,observed,2026-07-29T21:24:42
2026-07-29,haikou,海口,1,很低,observed,2026-07-29T23:30:00
2026-07-29,hangzhou,杭州,-1,暂无,observed,2026-07-29T20:57:12
2026-07-29,hefei,合肥,-1,暂无,observed,2026-07-29T23:30:00
2026-07-29,huhehaote,呼和浩特,3,中,observed,2026-07-29T23:30:00
2026-07-29,jinan,济南,1,很低,observed,2026-07-29T17:26:01
2026-07-29,jiuquan,酒泉,-1,暂无,observed,
2026-07-29,kunming,昆明,-1,暂无,observed,2026-07-29T23:30:00
2026-07-29,lanzhou,兰州,1,很低,observed,2026-07-29T22:51:22
2026-07-29,lasa,拉萨,2,低,observed,2026-07-29T17:48:48
2026-07-29,liaocheng,聊城,-1,暂无,observed,2026-07-29T20:42:50
2026-07-29,liupanshui,六盘水,1,很低,observed,2026-07-29T22:48:52
2026-07-29,nanchang,南昌,1,很低,observed,2026-07-29T17:18:05
2026-07-29,nanchong,南充,-1,暂无,observed,2026-07-29T17:08:36
2026-07-29,nanning,南宁,1,很低,observed,2026-07-29T18:15:32
2026-07-29,shanghai,上海,1,很低,observed,2026-07-29T22:07:05
2026-07-29,shenyang,沈阳,2,低,observed,2026-07-29T19:29:02
2026-07-29,shenzhen,深圳,-1,暂无,observed,2026-07-29T22:31:43
2026-07-29,shijiazhuang,石家庄,3,中,observed,2026-07-29T21:43:13
2026-07-29,taiyuan,太原,1,很低,observed,2026-07-29T20:02:52
2026-07-29,tianjin,天津,1,很低,observed,2026-07-29T16:19:39
2026-07-29,wuhai,乌海,3,中,observed,2026-07-29T17:22:13
2026-07-29,wuhan,武汉,-1,暂无,observed,2026-07-29T21:57:31
2026-07-29,wulanhaote,乌兰浩特,-1,暂无,observed,2026-07-29T23:30:00
2026-07-29,wulumuqi,乌鲁木齐,3,中,observed,2026-07-29T21:08:58
2026-07-29,wuxi,无锡,-1,暂无,observed,2026-07-29T16:37:08
2026-07-29,xian,西安,1,很低,observed,2026-07-29T17:29:03
2026-07-29,xianyang,咸阳,1,很低,observed,2026-07-29T17:15:47
2026-07-29,xining,西宁,2,低,observed,2026-07-29T21:41:16
2026-07-29,yanan,延安,1,很低,observed,2026-07-29T23:30:00
2026-07-29,yangzhou,扬州,1,很低,observed,2026-07-29T18:56:00
2026-07-29,yantai,烟台,1,很低,observed,2026-07-29T17:13:00
2026-07-29,yinchuan,银川,1,很低,observed,2026-07-29T22:10:58
2026-07-29,yulin,榆林,1,很低,observed,2026-07-29T22:11:31
2026-07-29,zhangjiakou,张家口,2,低,observed,2026-07-29T20:14:17
2026-07-29,zhengzhou,郑州,1,很低,observed,2026-07-29T18:18:00
2026-07-29,zibo,淄博,1,很低,observed,2026-07-29T23:30:00
2026-07-30,baoding,保定,1,很低,observed,2026-07-30T17:40:41
2026-07-30,baotou,包头,2,低,observed,2026-07-30T17:43:05
2026-07-30,beijing,北京,1,很低,observed,2026-07-30T23:30:00
2026-07-30,botou,泊头,1,很低,observed,2026-07-30T16:04:44
2026-07-30,cangzhou,沧州,1,很低,observed,2026-07-30T16:26:01
2026-07-30,changchun,长春,2,低,observed,2026-07-30T20:52:17
2026-07-30,changsha,长沙,-1,暂无,observed,2026-07-30T23:30:00
2026-07-30,chengde,承德,1,很低,observed,2026-07-30T17:02:18
2026-07-30,chengdu,成都,1,很低,observed,2026-07-30T23:30:00
2026-07-30,chifeng,赤峰,2,低,observed,2026-07-30T23:07:08
2026-07-30,chongqing,重庆,1,很低,observed,2026-07-30T22:50:01
2026-07-30,dalian,大连,-1,暂无,observed,2026-07-30T17:30:56
2026-07-30,eerduosi,鄂尔多斯,5,很高,observed,2026-07-30T18:04:07
2026-07-30,fuzhou,福州,1,很低,observed,2026-07-30T20:01:37
2026-07-30,guangzhou,广州,-1,暂无,observed,2026-07-30T23:30:00
2026-07-30,guiyang,贵阳,-1,暂无,observed,2026-07-30T17:04:49
2026-07-30,haerbin,哈尔滨,1,很低,observed,2026-07-30T19:17:56
2026-07-30,haikou,海口,2,低,observed,2026-07-30T23:30:00
2026-07-30,hangzhou,杭州,-1,暂无,observed,2026-07-30T22:11:00
2026-07-30,hefei,合肥,-1,暂无,observed,2026-07-30T23:30:00
2026-07-30,huhehaote,呼和浩特,3,中,observed,2026-07-30T17:08:00
2026-07-30,jinan,济南,1,很低,observed,2026-07-30T17:39:17
2026-07-30,jiuquan,酒泉,-1,暂无,observed,
2026-07-30,kunming,昆明,1,很低,observed,2026-07-30T23:30:00
2026-07-30,lanzhou,兰州,2,低,observed,2026-07-30T22:32:56
2026-07-30,lasa,拉萨,2,低,observed,2026-07-30T18:22:46
2026-07-30,liaocheng,聊城,1,很低,observed,2026-07-30T16:22:35
2026-07-30,liupanshui,六盘水,2,低,observed,2026-07-30T23:25:17
2026-07-30,nanchang,南昌,1,很低,observed,2026-07-30T17:24:01
2026-07-30,nanchong,南充,1,很低,observed,2026-07-30T17:30:05
2026-07-30,nanning,南宁,2,低,observed,2026-07-30T18:16:58
2026-07-30,shanghai,上海,1,很低,observed,2026-07-30T23:30:00
2026-07-30,shenyang,沈阳,2,低,observed,2026-07-30T22:17:16
2026-07-30,shenzhen,深圳,1,很低,observed,2026-07-30T22:54:00
2026-07-30,shijiazhuang,石家庄,3,中,observed,2026-07-30T16:22:20
2026-07-30,taiyuan,太原,1,很低,observed,2026-07-30T22:11:19
2026-07-30,tianjin,天津,1,很低,observed,2026-07-30T16:27:21
2026-07-30,wuhai,乌海,4,高,observed,2026-07-30T17:03:19
2026-07-30,wuhan,武汉,-1,暂无,observed,2026-07-30T23:30:00
2026-07-30,wulanhaote,乌兰浩特,-1,暂无,observed,2026-07-30T23:30:00
2026-07-30,wulumuqi,乌鲁木齐,2,低,observed,2026-07-30T20:49:13
2026-07-30,wuxi,无锡,1,很低,observed,2026-07-30T16:22:36
2026-07-30,xian,西安,1,很低,observed,2026-07-30T19:20:53
2026-07-30,xianyang,咸阳,1,很低,observed,2026-07-30T16:53:58
2026-07-30,xining,西宁,1,很低,observed,2026-07-30T21:41:21
2026-07-30,yanan,延安,1,很低,observed,2026-07-30T23:30:00
2026-07-30,yangzhou,扬州,1,很低,observed,2026-07-30T19:30:52
2026-07-30,yantai,烟台,1,很低,observed,2026-07-30T17:14:59
2026-07-30,yinchuan,银川,4,高,observed,2026-07-30T16:44:51
2026-07-30,yulin,榆林,1,很低,observed,2026-07-30T22:11:18
2026-07-30,zhangjiakou,张家口,2,低,observed,2026-07-30T16:52:31
2026-07-30,zhengzhou,郑州,-1,暂无,observed,2026-07-30T17:32:09
2026-07-30,zibo,淄博,-1,暂无,observed,2026-07-30T23:30:00
2026-07-31,baoding,保定,1,很低,observed,2026-07-31T17:21:06
2026-07-31,baotou,包头,2,低,observed,2026-07-31T20:04:28
2026-07-31,beijing,北京,1,很低,observed,2026-07-31T23:30:00
2026-07-31,botou,泊头,1,很低,observed,2026-07-31T22:11:51
2026-07-31,cangzhou,沧州,1,很低,observed,2026-07-31T17:54:51
2026-07-31,changchun,长春,1,很低,observed,2026-07-31T17:07:57
2026-07-31,changsha,长沙,-1,暂无,observed,2026-07-31T23:30:00
2026-07-31,chengde,承德,1,很低,observed,2026-07-31T17:01:56
2026-07-31,chengdu,成都,1,很低,observed,2026-07-31T23:30:00
2026-07-31,chifeng,赤峰,3,中,observed,2026-07-31T21:05:06
2026-07-31,chongqing,重庆,-1,暂无,observed,2026-07-31T23:30:00
2026-07-31,dalian,大连,1,很低,observed,2026-07-31T18:01:27
2026-07-31,eerduosi,鄂尔多斯,5,很高,observed,2026-07-31T17:52:37
2026-07-31,fuzhou,福州,1,很低,observed,2026-07-31T22:31:17
2026-07-31,guangzhou,广州,1,很低,observed,2026-07-31T22:04:18
2026-07-31,guiyang,贵阳,-1,暂无,observed,2026-07-31T19:06:57
2026-07-31,haerbin,哈尔滨,1,很低,observed,2026-07-31T22:52:11
2026-07-31,haikou,海口,1,很低,observed,2026-07-31T23:05:16
2026-07-31,hangzhou,杭州,1,很低,observed,2026-07-31T22:12:27
2026-07-31,hefei,合肥,-1,暂无,observed,2026-07-31T23:30:00
2026-07-31,huhehaote,呼和浩特,3,中,observed,2026-07-31T20:45:28
2026-07-31,jinan,济南,1,很低,observed,2026-07-31T18:36:43
2026-07-31,jiuquan,酒泉,-1,暂无,observed,
2026-07-31,kunming,昆明,1,很低,observed,2026-07-31T23:30:00
2026-07-31,lanzhou,兰州,1,很低,observed,2026-07-31T23:30:00
2026-07-31,lasa,拉萨,2,低,observed,2026-07-31T18:46:45
2026-07-31,liaocheng,聊城,1,很低,observed,2026-07-31T16:03:59
2026-07-31,liupanshui,六盘水,-1,暂无,observed,2026-07-31T23:30:00
2026-07-31,nanchang,南昌,1,很低,observed,2026-07-31T17:07:55
2026-07-31,nanchong,南充,-1,暂无,observed,2026-07-31T16:46:33
2026-07-31,nanning,南宁,1,很低,observed,2026-07-31T17:29:03
2026-07-31,shanghai,上海,-1,暂无,observed,2026-07-31T23:30:00
2026-07-31,shenyang,沈阳,3,中,observed,2026-07-31T19:32:35
2026-07-31,shenzhen,深圳,1,很低,observed,2026-07-31T22:44:15
2026-07-31,shijiazhuang,石家庄,3,中,observed,2026-07-31T18:03:47
2026-07-31,taiyuan,太原,1,很低,observed,2026-07-31T18:58:48
2026-07-31,tianjin,天津,1,很低,observed,2026-07-31T18:33:08
2026-07-31,wuhai,乌海,2,低,observed,2026-07-31T17:00:45
2026-07-31,wuhan,武汉,1,很低,observed,2026-07-31T23:30:00
2026-07-31,wulanhaote,乌兰浩特,-1,暂无,observed,2026-07-31T23:30:00
2026-07-31,wulumuqi,乌鲁木齐,2,低,observed,2026-07-31T21:24:02
2026-07-31,wuxi,无锡,-1,暂无,observed,2026-07-31T16:13:12
2026-07-31,xian,西安,1,很低,observed,2026-07-31T16:14:02
2026-07-31,xianyang,咸阳,1,很低,observed,2026-07-31T17:10:19
2026-07-31,xining,西宁,1,很低,observed,2026-07-31T22:00:41
2026-07-31,yanan,延安,-1,暂无,observed,2026-07-31T23:30:00
2026-07-31,yangzhou,扬州,1,很低,observed,2026-07-31T21:06:18
2026-07-31,yantai,烟台,1,很低,observed,2026-07-31T17:08:56
2026-07-31,yinchuan,银川,3,中,observed,2026-07-31T18:38:41
2026-07-31,yulin,榆林,1,很低,observed,2026-07-31T22:11:03
2026-07-31,zhangjiakou,张家口,2,低,observed,2026-07-31T18:21:51
2026-07-31,zhengzhou,郑州,1,很低,observed,2026-07-31T18:16:36
2026-07-31,zibo,淄博,1,很低,observed,2026-07-31T23:30:00
2026-08-01,baoding,保定,1,很低,observed,2026-08-01T17:08:11
2026-08-01,baotou,包头,2,低,observed,2026-08-01T16:52:12
2026-08-01,beijing,北京,1,很低,observed,2026-08-01T23:30:00
2026-08-01,botou,泊头,1,很低,observed,2026-08-01T20:22:49
2026-08-01,cangzhou,沧州,1,很低,observed,2026-08-01T17:16:17
2026-08-01,changchun,长春,1,很低,observed,2026-08-01T22:10:21
2026-08-01,changsha,长沙,-1,暂无,observed,2026-08-01T23:30:00
2026-08-01,chengde,承德,1,很低,observed,2026-08-01T17:04:55
2026-08-01,chengdu,成都,1,很低,observed,2026-08-01T23:30:00
2026-08-01,chifeng,赤峰,3,中,observed,2026-08-01T22:04:35
2026-08-01,chongqing,重庆,1,很低,observed,2026-08-01T20:03:49
2026-08-01,dalian,大连,-1,暂无,observed,2026-08-01T17:30:28
2026-08-01,eerduosi,鄂尔多斯,5,很高,observed,2026-08-01T23:30:00
2026-08-01,fuzhou,福州,1,很低,observed,2026-08-01T17:14:41
2026-08-01,guangzhou,广州,-1,暂无,observed,2026-08-01T23:01:14
2026-08-01,guiyang,贵阳,-1,暂无,observed,2026-08-01T23:30:00
2026-08-01,haerbin,哈尔滨,1,很低,observed,2026-08-01T18:42:09
2026-08-01,haikou,海口,1,很低,observed,2026-08-01T23:30:00
2026-08-01,hangzhou,杭州,-1,暂无,observed,2026-08-01T23:30:00
2026-08-01,hefei,合肥,-1,暂无,observed,2026-08-01T23:30:00
2026-08-01,huhehaote,呼和浩特,3,中,observed,2026-08-01T23:30:00
2026-08-01,jinan,济南,1,很低,observed,2026-08-01T19:21:10
2026-08-01,jiuquan,酒泉,-1,暂无,observed,
2026-08-01,kunming,昆明,1,很低,observed,2026-08-01T23:30:00
2026-08-01,lanzhou,兰州,1,很低,observed,2026-08-01T23:16:29
2026-08-01,lasa,拉萨,-1,暂无,observed,2026-08-01T23:30:00
2026-08-01,liaocheng,聊城,1,很低,observed,2026-08-01T16:30:02
2026-08-01,liupanshui,六盘水,2,低,observed,2026-08-01T23:30:00
2026-08-01,nanchang,南昌,1,很低,observed,2026-08-01T21:09:54
2026-08-01,nanchong,南充,1,很低,observed,2026-08-01T18:54:43
2026-08-01,nanning,南宁,1,很低,observed,2026-08-01T17:20:46
2026-08-01,shanghai,上海,1,很低,observed,2026-08-01T23:30:00
2026-08-01,shenyang,沈阳,3,中,observed,2026-08-01T23:30:00
2026-08-01,shenzhen,深圳,1,很低,observed,2026-08-01T22:54:52
2026-08-01,shijiazhuang,石家庄,3,中,observed,2026-08-01T22:12:12
2026-08-01,taiyuan,太原,1,很低,observed,2026-08-01T19:35:05
2026-08-01,tianjin,天津,1,很低,observed,2026-08-01T20:27:54
2026-08-01,wuhai,乌海,3,中,observed,2026-08-01T23:30:00
2026-08-01,wuhan,武汉,1,很低,observed,2026-08-01T17:10:30
2026-08-01,wulanhaote,乌兰浩特,-1,暂无,observed,2026-08-01T23:30:00
2026-08-01,wulumuqi,乌鲁木齐,2,低,observed,2026-08-01T20:45:43
2026-08-01,wuxi,无锡,-1,暂无,observed,2026-08-01T16:05:25
2026-08-01,xian,西安,1,很低,observed,2026-08-01T17:09:07
2026-08-01,xianyang,咸阳,1,很低,observed,2026-08-01T17:01:55
2026-08-01,xining,西宁,2,低,observed,2026-08-01T22:01:33
2026-08-01,yanan,延安,-1,暂无,observed,2026-08-01T23:30:00
2026-08-01,yangzhou,扬州,-1,暂无,observed,2026-08-01T23:30:00
2026-08-01,yantai,烟台,1,很低,observed,2026-08-01T16:18:48
2026-08-01,yinchuan,银川,2,低,observed,2026-08-01T18:20:49
2026-08-01,yulin,榆林,2,低,observed,2026-08-01T21:08:21
2026-08-01,zhangjiakou,张家口,2,低,observed,2026-08-01T18:08:41
2026-08-01,zhengzhou,郑州,-1,暂无,observed,2026-08-01T18:59:24
2026-08-01,zibo,淄博,-1,暂无,observed,2026-08-01T23:30:00
2026-08-02,baoding,保定,1,很低,observed,2026-08-02T17:48:25
2026-08-02,baotou,包头,2,低,observed,2026-08-02T17:55:04
2026-08-02,beijing,北京,1,很低,observed,2026-08-02T23:30:00
2026-08-02,botou,泊头,1,很低,observed,2026-08-02T22:10:58
2026-08-02,cangzhou,沧州,1,很低,observed,2026-08-02T16:52:43
2026-08-02,changchun,长春,1,很低,observed,2026-08-02T20:46:58
2026-08-02,changsha,长沙,-1,暂无,observed,2026-08-02T23:30:00
2026-08-02,chengde,承德,1,很低,observed,2026-08-02T17:34:40
2026-08-02,chengdu,成都,1,很低,observed,2026-08-02T22:13:07
2026-08-02,chifeng,赤峰,3,中,observed,2026-08-02T21:09:39
2026-08-02,chongqing,重庆,-1,暂无,observed,2026-08-02T23:30:00
2026-08-02,dalian,大连,1,很低,observed,2026-08-02T17:30:36
2026-08-02,eerduosi,鄂尔多斯,5,很高,observed,2026-08-02T18:18:39
2026-08-02,fuzhou,福州,-1,暂无,observed,2026-08-02T17:22:14
2026-08-02,guangzhou,广州,-1,暂无,observed,2026-08-02T19:23:06
2026-08-02,guiyang,贵阳,-1,暂无,observed,2026-08-02T17:06:16
2026-08-02,haerbin,哈尔滨,1,很低,observed,2026-08-02T21:16:20
2026-08-02,haikou,海口,-1,暂无,observed,2026-08-02T21:34:12
2026-08-02,hangzhou,杭州,-1,暂无,observed,2026-08-02T22:10:55
2026-08-02,hefei,合肥,-1,暂无,observed,2026-08-02T23:30:00
2026-08-02,huhehaote,呼和浩特,3,中,observed,2026-08-02T22:41:10
2026-08-02,jinan,济南,1,很低,observed,2026-08-02T17:53:27
2026-08-02,jiuquan,酒泉,-1,暂无,observed,
2026-08-02,kunming,昆明,1,很低,observed,2026-08-02T23:30:00
2026-08-02,lanzhou,兰州,1,很低,observed,2026-08-02T22:47:45
2026-08-02,lasa,拉萨,-1,暂无,observed,2026-08-02T23:30:00
2026-08-02,liaocheng,聊城,1,很低,observed,2026-08-02T16:22:50
2026-08-02,liupanshui,六盘水,1,很低,observed,2026-08-02T22:41:19
2026-08-02,nanchang,南昌,1,很低,observed,2026-08-02T18:13:12
2026-08-02,nanchong,南充,-1,暂无,observed,2026-08-02T18:48:31
2026-08-02,nanning,南宁,1,很低,observed,2026-08-02T17:26:59
2026-08-02,shanghai,上海,-1,暂无,observed,2026-08-02T23:30:00
2026-08-02,shenyang,沈阳,3,中,observed,2026-08-02T23:09:11
2026-08-02,shenzhen,深圳,1,很低,observed,2026-08-02T23:17:10
2026-08-02,shijiazhuang,石家庄,3,中,observed,2026-08-02T18:41:11
2026-08-02,taiyuan,太原,1,很低,observed,2026-08-02T18:15:32
2026-08-02,tianjin,天津,1,很低,observed,2026-08-02T23:30:00
2026-08-02,wuhai,乌海,3,中,observed,2026-08-02T18:04:33
2026-08-02,wuhan,武汉,1,很低,observed,2026-08-02T23:06:49
2026-08-02,wulanhaote,乌兰浩特,-1,暂无,observed,2026-08-02T23:30:00
2026-08-02,wulumuqi,乌鲁木齐,3,中,observed,2026-08-02T21:30:14
2026-08-02,wuxi,无锡,-1,暂无,observed,2026-08-02T19:26:15
2026-08-02,xian,西安,1,很低,observed,2026-08-02T16:40:28
2026-08-02,xianyang,咸阳,1,很低,observed,2026-08-02T16:28:31
2026-08-02,xining,西宁,1,很低,observed,2026-08-02T21:44:14
2026-08-02,yanan,延安,1,很低,observed,2026-08-02T22:11:39
2026-08-02,yangzhou,扬州,-1,暂无,observed,2026-08-02T23:30:00
2026-08-02,yantai,烟台,1,很低,observed,2026-08-02T16:45:52
2026-08-02,yinchuan,银川,3,中,observed,2026-08-02T18:23:46
2026-08-02,yulin,榆林,2,低,observed,2026-08-02T20:20:31
2026-08-02,zhangjiakou,张家口,3,中,observed,2026-08-02T18:17:13
2026-08-02,zhengzhou,郑州,1,很低,observed,2026-08-02T17:45:01
2026-08-02,zibo,淄博,-1,暂无,observed,2026-08-02T23:30:00
2026-08-03,baoding,保定,1,很低,observed,2026-08-03T17:09:35
2026-08-03,baotou,包头,2,低,observed,2026-08-03T17:17:51
2026-08-03,beijing,北京,1,很低,observed,2026-08-03T23:30:00
2026-08-03,botou,泊头,1,很低,observed,2026-08-03T23:30:00
2026-08-03,cangzhou,沧州,1,很低,observed,2026-08-03T17:05:57
2026-08-03,changchun,长春,1,很低,observed,2026-08-03T18:01:32
2026-08-03,changsha,长沙,-1,暂无,observed,2026-08-03T23:30:00
2026-08-03,chengde,承德,1,很低,observed,2026-08-03T17:07:59
2026-08-03,chengdu,成都,1,很低,observed,2026-08-03T22:48:58
2026-08-03,chifeng,赤峰,3,中,observed,2026-08-03T22:14:46
2026-08-03,chongqing,重庆,1,很低,observed,2026-08-03T23:30:00
2026-08-03,dalian,大连,1,很低,observed,2026-08-03T17:31:24
2026-08-03,eerduosi,鄂尔多斯,4,高,observed,2026-08-03T18:40:28
2026-08-03,fuzhou,福州,1,很低,observed,2026-08-03T21:04:49
2026-08-03,guangzhou,广州,1,很低,observed,2026-08-03T21:41:50
2026-08-03,guiyang,贵阳,1,很低,observed,2026-08-03T17:16:06
2026-08-03,haerbin,哈尔滨,1,很低,observed,2026-08-03T19:24:01
2026-08-03,haikou,海口,1,很低,observed,2026-08-03T20:25:45
2026-08-03,hangzhou,杭州,-1,暂无,observed,2026-08-03T22:12:39
2026-08-03,hefei,合肥,-1,暂无,observed,2026-08-03T23:30:00
2026-08-03,huhehaote,呼和浩特,4,高,observed,2026-08-03T19:09:38
2026-08-03,jinan,济南,1,很低,observed,2026-08-03T17:57:01
2026-08-03,jiuquan,酒泉,-1,暂无,observed,
2026-08-03,kunming,昆明,1,很低,observed,2026-08-03T23:30:00
2026-08-03,lanzhou,兰州,2,低,observed,2026-08-03T22:40:51
2026-08-03,lasa,拉萨,1,很低,observed,2026-08-03T17:46:28
2026-08-03,liaocheng,聊城,-1,暂无,observed,2026-08-03T16:32:53
2026-08-03,liupanshui,六盘水,2,低,observed,2026-08-03T21:15:47
2026-08-03,nanchang,南昌,1,很低,observed,2026-08-03T17:12:47
2026-08-03,nanchong,南充,1,很低,observed,2026-08-03T19:33:29
2026-08-03,nanning,南宁,-1,暂无,observed,2026-08-03T18:40:59
2026-08-03,shanghai,上海,1,很低,observed,2026-08-03T23:30:00
2026-08-03,shenyang,沈阳,3,中,observed,2026-08-03T20:10:56
2026-08-03,shenzhen,深圳,1,很低,observed,2026-08-03T16:20:05
2026-08-03,shijiazhuang,石家庄,3,中,observed,2026-08-03T22:32:58
2026-08-03,taiyuan,太原,1,很低,observed,2026-08-03T19:33:56
2026-08-03,tianjin,天津,1,很低,observed,2026-08-03T16:23:22
2026-08-03,wuhai,乌海,3,中,observed,2026-08-03T17:09:37
2026-08-03,wuhan,武汉,1,很低,observed,2026-08-03T22:58:19
2026-08-03,wulanhaote,乌兰浩特,-1,暂无,observed,2026-08-03T23:30:00
2026-08-03,wulumuqi,乌鲁木齐,3,中,observed,2026-08-03T21:41:32
2026-08-03,wuxi,无锡,1,很低,observed,2026-08-03T16:59:37
2026-08-03,xian,西安,1,很低,observed,2026-08-03T17:31:20
2026-08-03,xianyang,咸阳,1,很低,observed,2026-08-03T17:02:52
2026-08-03,xining,西宁,1,很低,observed,2026-08-03T22:02:27
2026-08-03,yanan,延安,1,很低,observed,2026-08-03T22:11:08
2026-08-03,yangzhou,扬州,1,很低,observed,2026-08-03T18:52:00
2026-08-03,yantai,烟台,-1,暂无,observed,2026-08-03T23:30:00
2026-08-03,yinchuan,银川,1,很低,observed,2026-08-03T17:32:57
2026-08-03,yulin,榆林,3,中,observed,2026-08-03T23:30:00
2026-08-03,zhangjiakou,张家口,3,中,observed,2026-08-03T19:28:21
2026-08-03,zhengzhou,郑州,1,很低,observed,2026-08-03T18:27:58
2026-08-03,zibo,淄博,1,很低,observed,2026-08-03T23:30:00
2026-08-04,baoding,保定,1,很低,observed,2026-08-04T17:04:36
2026-08-04,baotou,包头,2,低,observed,2026-08-04T17:13:50
2026-08-04,beijing,北京,2,低,observed,2026-08-04T23:30:00
2026-08-04,botou,泊头,1,很低,observed,2026-08-04T16:04:54
2026-08-04,cangzhou,沧州,1,很低,observed,2026-08-04T17:19:19
2026-08-04,changchun,长春,1,很低,observed,2026-08-04T21:43:53
2026-08-04,changsha,长沙,-1,暂无,observed,2026-08-04T23:30:00
2026-08-04,chengde,承德,1,很低,observed,2026-08-04T22:15:19
2026-08-04,chengdu,成都,1,很低,observed,2026-08-04T23:30:00
2026-08-04,chifeng,赤峰,3,中,observed,2026-08-04T20:12:06
2026-08-04,chongqing,重庆,1,很低,observed,2026-08-04T22:01:35
2026-08-04,dalian,大连,1,很低,observed,2026-08-04T17:30:52
2026-08-04,eerduosi,鄂尔多斯,4,高,observed,2026-08-04T18:02:51
2026-08-04,fuzhou,福州,1,很低,observed,2026-08-04T17:59:46
2026-08-04,guangzhou,广州,1,很低,observed,2026-08-04T19:14:37
2026-08-04,guiyang,贵阳,-1,暂无,observed,2026-08-04T23:30:00
2026-08-04,haerbin,哈尔滨,1,很低,observed,2026-08-04T19:59:06
2026-08-04,haikou,海口,1,很低,observed,2026-08-04T21:33:01
2026-08-04,hangzhou,杭州,-1,暂无,observed,2026-08-04T20:06:43
2026-08-04,hefei,合肥,-1,暂无,observed,2026-08-04T23:30:00
2026-08-04,huhehaote,呼和浩特,3,中,observed,2026-08-04T23:30:00
2026-08-04,jinan,济南,1,很低,observed,2026-08-04T17:46:39
2026-08-04,jiuquan,酒泉,-1,暂无,observed,
2026-08-04,kunming,昆明,1,很低,observed,2026-08-04T23:30:00
2026-08-04,lanzhou,兰州,2,低,observed,2026-08-04T23:11:02
2026-08-04,lasa,拉萨,1,很低,observed,2026-08-04T18:21:33
2026-08-04,liaocheng,聊城,-1,暂无,observed,2026-08-04T22:25:06
2026-08-04,liupanshui,六盘水,2,低,observed,2026-08-04T22:14:56
2026-08-04,nanchang,南昌,-1,暂无,observed,2026-08-04T17:00:19
2026-08-04,nanchong,南充,-1,暂无,observed,2026-08-04T23:30:00
2026-08-04,nanning,南宁,1,很低,observed,2026-08-04T22:21:24
2026-08-04,shanghai,上海,-1,暂无,observed,2026-08-04T23:30:00
2026-08-04,shenyang,沈阳,2,低,observed,2026-08-04T19:46:14
2026-08-04,shenzhen,深圳,1,很低,observed,2026-08-04T17:22:00
2026-08-04,shijiazhuang,石家庄,3,中,observed,2026-08-04T22:22:49
2026-08-04,taiyuan,太原,1,很低,observed,2026-08-04T18:20:10
2026-08-04,tianjin,天津,1,很低,observed,2026-08-04T16:23:58
2026-08-04,wuhai,乌海,3,中,observed,2026-08-04T17:06:18
2026-08-04,wuhan,武汉,1,很低,observed,2026-08-04T21:21:32
2026-08-04,wulanhaote,乌兰浩特,-1,暂无,observed,2026-08-04T23:30:00
2026-08-04,wulumuqi,乌鲁木齐,3,中,observed,2026-08-04T21:54:59
2026-08-04,wuxi,无锡,1,很低,observed,2026-08-04T17:00:53
2026-08-04,xian,西安,1,很低,observed,2026-08-04T16:18:30
2026-08-04,xianyang,咸阳,1,很低,observed,2026-08-04T16:40:03
2026-08-04,xining,西宁,1,很低,observed,2026-08-04T21:53:02
2026-08-04,yanan,延安,-1,暂无,observed,2026-08-04T23:30:00
2026-08-04,yangzhou,扬州,1,很低,observed,2026-08-04T19:08:28
2026-08-04,yantai,烟台,1,很低,observed,2026-08-04T16:24:58
2026-08-04,yinchuan,银川,2,低,observed,2026-08-04T16:24:44
2026-08-04,yulin,榆林,2,低,observed,2026-08-04T23:04:29
2026-08-04,zhangjiakou,张家口,2,低,observed,2026-08-04T18:30:36
2026-08-04,zhengzhou,郑州,1,很低,observed,2026-08-04T23:30:00
2026-08-04,zibo,淄博,1,很低,observed,2026-08-04T23:30:00
2026-08-05,baoding,保定,1,很低,observed,2026-08-05T17:40:26
2026-08-05,baotou,包头,2,低,observed,2026-08-05T17:12:35
2026-08-05,beijing,北京,2,低,observed,2026-08-05T23:30:00
2026-08-05,botou,泊头,1,很低,observed,2026-08-05T16:42:28
2026-08-05,cangzhou,沧州,1,很低,observed,2026-08-05T17:05:22
2026-08-05,changchun,长春,1,很低,observed,2026-08-05T19:12:18
2026-08-05,changsha,长沙,-1,暂无,observed,2026-08-05T23:30:00
2026-08-05,chengde,承德,1,很低,observed,2026-08-05T17:07:38
2026-08-05,chengdu,成都,1,很低,observed,2026-08-05T22:28:02
2026-08-05,chifeng,赤峰,3,中,observed,2026-08-05T19:07:11
2026-08-05,chongqing,重庆,1,很低,observed,2026-08-05T22:51:01
2026-08-05,dalian,大连,-1,暂无,observed,2026-08-05T17:30:44
2026-08-05,eerduosi,鄂尔多斯,5,很高,observed,2026-08-05T17:41:45
2026-08-05,fuzhou,福州,1,很低,observed,2026-08-05T20:49:19
2026-08-05,guangzhou,广州,1,很低,observed,2026-08-05T21:23:52
2026-08-05,guiyang,贵阳,-1,暂无,observed,2026-08-05T22:39:58
2026-08-05,haerbin,哈尔滨,-1,暂无,observed,2026-08-05T21:21:57
2026-08-05,haikou,海口,2,低,observed,2026-08-05T19:20:48
2026-08-05,hangzhou,杭州,-1,暂无,observed,2026-08-05T19:59:34
2026-08-05,hefei,合肥,-1,暂无,observed,2026-08-05T23:30:00
2026-08-05,huhehaote,呼和浩特,4,高,observed,2026-08-05T19:12:45
2026-08-05,jinan,济南,1,很低,observed,2026-08-05T22:15:50
2026-08-05,jiuquan,酒泉,-1,暂无,observed,
2026-08-05,kunming,昆明,2,低,observed,2026-08-05T22:51:07
2026-08-05,lanzhou,兰州,2,低,observed,2026-08-05T22:48:47
2026-08-05,lasa,拉萨,1,很低,observed,2026-08-05T18:13:25
2026-08-05,liaocheng,聊城,1,很低,observed,2026-08-05T16:27:36
2026-08-05,liupanshui,六盘水,2,低,observed,2026-08-05T17:21:57
2026-08-05,nanchang,南昌,1,很低,observed,2026-08-05T17:02:55
2026-08-05,nanchong,南充,1,很低,observed,2026-08-05T16:27:18
2026-08-05,nanning,南宁,1,很低,observed,2026-08-05T20:06:38
2026-08-05,shanghai,上海,-1,暂无,observed,2026-08-05T23:30:00
2026-08-05,shenyang,沈阳,4,高,observed,2026-08-05T19:54:38
2026-08-05,shenzhen,深圳,1,很低,observed,2026-08-05T19:51:50
2026-08-05,shijiazhuang,石家庄,3,中,observed,2026-08-05T18:03:42
2026-08-05,taiyuan,太原,1,很低,observed,2026-08-05T18:57:12
2026-08-05,tianjin,天津,1,很低,observed,2026-08-05T16:24:42
2026-08-05,wuhai,乌海,3,中,observed,2026-08-05T17:17:15
2026-08-05,wuhan,武汉,1,很低,observed,2026-08-05T21:46:51
2026-08-05,wulanhaote,乌兰浩特,-1,暂无,observed,2026-08-05T23:30:00
2026-08-05,wulumuqi,乌鲁木齐,3,中,observed,2026-08-05T21:01:31
2026-08-05,wuxi,无锡,1,很低,observed,2026-08-05T16:20:09
2026-08-05,xian,西安,1,很低,observed,2026-08-05T16:51:33
2026-08-05,xianyang,咸阳,1,很低,observed,2026-08-05T16:46:41
2026-08-05,xining,西宁,1,很低,observed,2026-08-05T22:01:11
2026-08-05,yanan,延安,1,很低,observed,2026-08-05T23:30:00
2026-08-05,yangzhou,扬州,1,很低,observed,2026-08-05T23:30:00
2026-08-05,yantai,烟台,1,很低,observed,2026-08-05T16:50:38
2026-08-05,yinchuan,银川,4,高,observed,2026-08-05T16:35:00
2026-08-05,yulin,榆林,2,低,observed,2026-08-05T23:30:00
2026-08-05,zhangjiakou,张家口,3,中,observed,2026-08-05T18:38:42
2026-08-05,zhengzhou,郑州,1,很低,observed,2026-08-05T18:29:11
2026-08-05,zibo,淄博,1,很低,observed,2026-08-05T23:30:00
2026-08-06,baoding,保定,1,很低,observed,2026-08-06T17:14:31
2026-08-06,baotou,包头,2,低,observed,2026-08-06T22:22:58
2026-08-06,beijing,北京,1,很低,observed,2026-08-06T23:30:00
2026-08-06,botou,泊头,1,很低,observed,2026-08-06T16:03:42
2026-08-06,cangzhou,沧州,1,很低,observed,2026-08-06T16:50:50
2026-08-06,changchun,长春,1,很低,observed,2026-08-06T18:11:50
2026-08-06,changsha,长沙,-1,暂无,observed,2026-08-06T23:30:00
2026-08-06,chengde,承德,1,很低,observed,2026-08-06T17:12:25
2026-08-06,chengdu,成都,2,低,observed,2026-08-06T21:16:41
2026-08-06,chifeng,赤峰,3,中,observed,2026-08-06T22:59:29
2026-08-06,chongqing,重庆,1,很低,observed,2026-08-06T23:16:54
2026-08-06,dalian,大连,1,很低,observed,2026-08-06T17:03:02
2026-08-06,eerduosi,鄂尔多斯,4,高,observed,2026-08-06T18:03:00
2026-08-06,fuzhou,福州,1,很低,observed,2026-08-06T22:31:50
2026-08-06,guangzhou,广州,1,很低,observed,2026-08-06T21:18:51
2026-08-06,guiyang,贵阳,-1,暂无,observed,2026-08-06T21:37:53
2026-08-06,haerbin,哈尔滨,1,很低,observed,2026-08-06T20:14:11
2026-08-06,haikou,海口,1,很低,observed,2026-08-06T21:32:23
2026-08-06,hangzhou,杭州,-1,暂无,observed,2026-08-06T22:11:44
2026-08-06,hefei,合肥,-1,暂无,observed,2026-08-06T23:30:00
2026-08-06,huhehaote,呼和浩特,4,高,observed,2026-08-06T23:30:00
2026-08-06,jinan,济南,-1,暂无,observed,2026-08-06T23:30:00
2026-08-06,jiuquan,酒泉,-1,暂无,observed,
2026-08-06,kunming,昆明,1,很低,observed,2026-08-06T23:30:00
2026-08-06,lanzhou,兰州,2,低,observed,2026-08-06T21:27:50
2026-08-06,lasa,拉萨,1,很低,observed,2026-08-06T18:54:54
2026-08-06,liaocheng,聊城,-1,暂无,observed,2026-08-06T16:24:11
2026-08-06,liupanshui,六盘水,1,很低,observed,2026-08-06T22:33:23
2026-08-06,nanchang,南昌,1,很低,observed,2026-08-06T17:15:28
2026-08-06,nanchong,南充,-1,暂无,observed,2026-08-06T16:16:24
2026-08-06,nanning,南宁,1,很低,observed,2026-08-06T18:30:53
2026-08-06,shanghai,上海,1,很低,observed,2026-08-06T23:30:00
2026-08-06,shenyang,沈阳,2,低,observed,2026-08-06T19:19:42
2026-08-06,shenzhen,深圳,1,很低,observed,2026-08-06T23:08:19
2026-08-06,shijiazhuang,石家庄,-1,暂无,observed,2026-08-06T23:30:00
2026-08-06,taiyuan,太原,1,很低,observed,2026-08-06T18:19:36
2026-08-06,tianjin,天津,1,很低,observed,2026-08-06T16:24:52
2026-08-06,wuhai,乌海,3,中,observed,2026-08-06T17:09:53
2026-08-06,wuhan,武汉,-1,暂无,observed,2026-08-06T23:30:00
2026-08-06,wulanhaote,乌兰浩特,-1,暂无,observed,2026-08-06T23:30:00
2026-08-06,wulumuqi,乌鲁木齐,2,低,observed,2026-08-06T21:23:21
2026-08-06,wuxi,无锡,1,很低,observed,2026-08-06T16:12:04
2026-08-06,xian,西安,1,很低,observed,2026-08-06T17:34:50
2026-08-06,xianyang,咸阳,1,很低,observed,2026-08-06T17:10:14
2026-08-06,xining,西宁,1,很低,observed,2026-08-06T21:41:20
2026-08-06,yanan,延安,-1,暂无,observed,2026-08-06T22:16:26
2026-08-06,yangzhou,扬州,1,很低,observed,2026-08-06T18:15:55
2026-08-06,yantai,烟台,1,很低,observed,2026-08-06T16:24:58
2026-08-06,yinchuan,银川,4,高,observed,2026-08-06T19:26:05
2026-08-06,yulin,榆林,1,很低,observed,2026-08-06T20:36:43
2026-08-06,zhangjiakou,张家口,3,中,observed,2026-08-06T16:57:15
2026-08-06,zhengzhou,郑州,1,很低,observed,2026-08-06T17:14:24
2026-08-06,zibo,淄博,1,很低,observed,2026-08-06T23:30:00
2026-08-07,baoding,保定,1,很低,observed,2026-08-07T17:22:42
2026-08-07,baotou,包头,2,低,observed,2026-08-07T18:24:09
2026-08-07,beijing,北京,2,低,observed,2026-08-07T23:30:00
2026-08-07,botou,泊头,1,很低,observed,2026-08-07T16:59:10
2026-08-07,cangzhou,沧州,1,很低,observed,2026-08-07T17:20:32
2026-08-07,changchun,长春,1,很低,observed,2026-08-07T19:40:11
2026-08-07,changsha,长沙,-1,暂无,observed,2026-08-07T23:30:00
2026-08-07,chengde,承德,1,很低,observed,2026-08-07T17:08:28
2026-08-07,chengdu,成都,2,低,observed,2026-08-07T21:05:17
2026-08-07,chifeng,赤峰,3,中,observed,2026-08-07T22:13:03
2026-08-07,chongqing,重庆,1,很低,observed,2026-08-07T22:58:07
2026-08-07,dalian,大连,-1,暂无,observed,2026-08-07T17:33:03
2026-08-07,eerduosi,鄂尔多斯,4,高,observed,2026-08-07T23:30:00
2026-08-07,fuzhou,福州,-1,暂无,observed,2026-08-07T19:30:43
2026-08-07,guangzhou,广州,1,很低,observed,2026-08-07T21:41:44
2026-08-07,guiyang,贵阳,-1,暂无,observed,2026-08-07T23:30:00
2026-08-07,haerbin,哈尔滨,1,很低,observed,2026-08-07T20:34:34
2026-08-07,haikou,海口,2,低,observed,2026-08-07T20:43:39
2026-08-07,hangzhou,杭州,1,很低,observed,2026-08-07T19:03:52
2026-08-07,hefei,合肥,-1,暂无,observed,2026-08-07T23:30:00
2026-08-07,huhehaote,呼和浩特,4,高,observed,2026-08-07T23:30:00
2026-08-07,jinan,济南,1,很低,observed,2026-08-07T22:11:18
2026-08-07,jiuquan,酒泉,-1,暂无,observed,
2026-08-07,kunming,昆明,1,很低,observed,2026-08-07T22:16:35
2026-08-07,lanzhou,兰州,2,低,observed,2026-08-07T21:57:36
2026-08-07,lasa,拉萨,2,低,observed,2026-08-07T18:23:28
2026-08-07,liaocheng,聊城,1,很低,observed,2026-08-07T17:00:26
2026-08-07,liupanshui,六盘水,2,低,observed,2026-08-07T23:30:00
2026-08-07,nanchang,南昌,1,很低,observed,2026-08-07T16:57:08
2026-08-07,nanchong,南充,-1,暂无,observed,2026-08-07T17:01:52
2026-08-07,nanning,南宁,1,很低,observed,2026-08-07T19:38:00
2026-08-07,shanghai,上海,1,很低,observed,2026-08-07T23:30:00
2026-08-07,shenyang,沈阳,3,中,observed,2026-08-07T19:39:02
2026-08-07,shenzhen,深圳,1,很低,observed,2026-08-07T23:08:24
2026-08-07,shijiazhuang,石家庄,3,中,observed,2026-08-07T22:00:58
2026-08-07,taiyuan,太原,1,很低,observed,2026-08-07T17:34:50
2026-08-07,tianjin,天津,1,很低,observed,2026-08-07T16:29:44
2026-08-07,wuhai,乌海,3,中,observed,2026-08-07T17:08:18
2026-08-07,wuhan,武汉,1,很低,observed,2026-08-07T17:20:24
2026-08-07,wulanhaote,乌兰浩特,-1,暂无,observed,2026-08-07T23:30:00
2026-08-07,wulumuqi,乌鲁木齐,2,低,observed,2026-08-07T20:57:42
2026-08-07,wuxi,无锡,1,很低,observed,2026-08-07T22:11:12
2026-08-07,xian,西安,1,很低,observed,2026-08-07T17:17:37
2026-08-07,xianyang,咸阳,1,很低,observed,2026-08-07T16:59:54
2026-08-07,xining,西宁,2,低,observed,2026-08-07T18:03:09
2026-08-07,yanan,延安,-1,暂无,observed,2026-08-07T23:30:00
2026-08-07,yangzhou,扬州,1,很低,observed,2026-08-07T23:30:00
2026-08-07,yantai,烟台,1,很低,observed,2026-08-07T16:54:50
2026-08-07,yinchuan,银川,4,高,observed,2026-08-07T19:00:07
2026-08-07,yulin,榆林,2,低,observed,2026-08-07T23:30:00
2026-08-07,zhangjiakou,张家口,4,高,observed,2026-08-07T17:44:26
2026-08-07,zhengzhou,郑州,1,很低,observed,2026-08-07T17:40:51
2026-08-07,zibo,淄博,-1,暂无,observed,2026-08-07T23:30:00
2026-08-08,baoding,保定,1,很低,observed,2026-08-08T17:07:44
2026-08-08,baotou,包头,2,低,observed,2026-08-08T16:40:36
2026-08-08,beijing,北京,2,低,observed,2026-08-08T23:30:00
2026-08-08,botou,泊头,1,很低,observed,2026-08-08T16:20:26
2026-08-08,cangzhou,沧州,1,很低,observed,2026-08-08T17:27:58
2026-08-08,changchun,长春,1,很低,observed,2026-08-08T18:27:52
2026-08-08,changsha,长沙,-1,暂无,observed,2026-08-08T23:30:00
2026-08-08,chengde,承德,1,很低,observed,2026-08-08T22:11:48
2026-08-08,chengdu,成都,3,中,observed,2026-08-08T20:12:20
2026-08-08,chifeng,赤峰,3,中,observed,2026-08-08T22:11:39
2026-08-08,chongqing,重庆,1,很低,observed,2026-08-08T23:30:00
2026-08-08,dalian,大连,-1,暂无,observed,2026-08-08T17:31:06
2026-08-08,eerduosi,鄂尔多斯,4,高,observed,2026-08-08T18:35:57
2026-08-08,fuzhou,福州,-1,暂无,observed,2026-08-08T23:30:00
2026-08-08,guangzhou,广州,1,很低,observed,2026-08-08T23:04:45
2026-08-08,guiyang,贵阳,-1,暂无,observed,2026-08-08T23:30:00
2026-08-08,haerbin,哈尔滨,2,低,observed,2026-08-08T20:03:05
2026-08-08,haikou,海口,1,很低,observed,2026-08-08T21:32:36
2026-08-08,hangzhou,杭州,-1,暂无,observed,2026-08-08T21:32:45
2026-08-08,hefei,合肥,-1,暂无,observed,2026-08-08T23:30:00
2026-08-08,huhehaote,呼和浩特,4,高,observed,2026-08-08T20:35:33
2026-08-08,jinan,济南,1,很低,observed,2026-08-08T22:11:04
2026-08-08,jiuquan,酒泉,-1,暂无,observed,
2026-08-08,kunming,昆明,-1,暂无,observed,2026-08-08T23:30:00
2026-08-08,lanzhou,兰州,3,中,observed,2026-08-08T22:19:47
2026-08-08,lasa,拉萨,2,低,observed,2026-08-08T17:59:28
2026-08-08,liaocheng,聊城,1,很低,observed,2026-08-08T16:26:10
2026-08-08,liupanshui,六盘水,2,低,observed,2026-08-08T23:30:00
2026-08-08,nanchang,南昌,1,很低,observed,2026-08-08T16:41:24
2026-08-08,nanchong,南充,1,很低,observed,2026-08-08T18:30:57
2026-08-08,nanning,南宁,1,很低,observed,2026-08-08T22:49:02
2026-08-08,shanghai,上海,1,很低,observed,2026-08-08T23:30:00
2026-08-08,shenyang,沈阳,5,很高,observed,2026-08-08T19:39:33
2026-08-08,shenzhen,深圳,1,很低,observed,2026-08-08T22:26:58
2026-08-08,shijiazhuang,石家庄,3,中,observed,2026-08-08T22:46:40
2026-08-08,taiyuan,太原,2,低,observed,2026-08-08T16:47:54
2026-08-08,tianjin,天津,1,很低,observed,2026-08-08T23:30:00
2026-08-08,wuhai,乌海,3,中,observed,2026-08-08T17:07:13
2026-08-08,wuhan,武汉,1,很低,observed,2026-08-08T20:23:02
2026-08-08,wulanhaote,乌兰浩特,-1,暂无,observed,2026-08-08T23:30:00
2026-08-08,wulumuqi,乌鲁木齐,3,中,observed,2026-08-08T20:54:05
2026-08-08,wuxi,无锡,1,很低,observed,2026-08-08T16:00:13
2026-08-08,xian,西安,1,很低,observed,2026-08-08T22:16:51
2026-08-08,xianyang,咸阳,1,很低,observed,2026-08-08T21:38:40
2026-08-08,xining,西宁,1,很低,observed,2026-08-08T21:43:29
2026-08-08,yanan,延安,-1,暂无,observed,2026-08-08T23:30:00
2026-08-08,yangzhou,扬州,1,很低,observed,2026-08-08T16:21:02
2026-08-08,yantai,烟台,2,低,observed,2026-08-08T16:23:40
2026-08-08,yinchuan,银川,3,中,observed,2026-08-08T20:52:23
2026-08-08,yulin,榆林,1,很低,observed,2026-08-08T21:47:40
2026-08-08,zhangjiakou,张家口,4,高,observed,2026-08-08T18:56:26
2026-08-08,zhengzhou,郑州,1,很低,observed,2026-08-08T17:46:23
2026-08-08,zibo,淄博,1,很低,observed,2026-08-08T23:30:00
2026-08-09,baoding,保定,1,很低,observed,2026-08-09T17:29:28
2026-08-09,baotou,包头,3,中,observed,2026-08-09T17:01:59
2026-08-09,beijing,北京,2,低,observed,2026-08-09T23:30:00
2026-08-09,botou,泊头,1,很低,observed,2026-08-09T16:01:13
2026-08-09,cangzhou,沧州,2,低,observed,2026-08-09T16:41:55
2026-08-09,changchun,长春,2,低,observed,2026-08-09T19:53:50
2026-08-09,changsha,长沙,-1,暂无,observed,2026-08-09T23:30:00
2026-08-09,chengde,承德,1,很低,observed,2026-08-09T17:08:13
2026-08-09,chengdu,成都,3,中,observed,2026-08-09T22:12:23
2026-08-09,chifeng,赤峰,3,中,observed,2026-08-09T21:40:56
2026-08-09,chongqing,重庆,1,很低,observed,2026-08-09T22:00:28
2026-08-09,dalian,大连,1,很低,observed,2026-08-09T17:31:13
2026-08-09,eerduosi,鄂尔多斯,4,高,observed,2026-08-09T18:52:51
2026-08-09,fuzhou,福州,1,很低,observed,2026-08-09T17:14:33
2026-08-09,guangzhou,广州,1,很低,observed,2026-08-09T19:59:17
2026-08-09,guiyang,贵阳,-1,暂无,observed,2026-08-09T23:30:00
2026-08-09,haerbin,哈尔滨,2,低,observed,2026-08-09T20:43:25
2026-08-09,haikou,海口,1,很低,observed,2026-08-09T21:52:59
2026-08-09,hangzhou,杭州,-1,暂无,observed,2026-08-09T23:30:00
2026-08-09,hefei,合肥,-1,暂无,observed,2026-08-09T23:30:00
2026-08-09,huhehaote,呼和浩特,4,高,observed,2026-08-09T17:52:19
2026-08-09,jinan,济南,1,很低,observed,2026-08-09T17:41:09
2026-08-09,jiuquan,酒泉,-1,暂无,observed,
2026-08-09,kunming,昆明,-1,暂无,observed,2026-08-09T23:30:00
2026-08-09,lanzhou,兰州,3,中,observed,2026-08-09T22:51:29
2026-08-09,lasa,拉萨,2,低,observed,2026-08-09T19:28:06
2026-08-09,liaocheng,聊城,1,很低,observed,2026-08-09T16:00:29
2026-08-09,liupanshui,六盘水,1,很低,observed,2026-08-09T20:29:50
2026-08-09,nanchang,南昌,1,很低,observed,2026-08-09T16:30:28
2026-08-09,nanchong,南充,-1,暂无,observed,2026-08-09T18:30:44
2026-08-09,nanning,南宁,1,很低,observed,2026-08-09T22:18:27
2026-08-09,shanghai,上海,-1,暂无,observed,2026-08-09T23:30:00
2026-08-09,shenyang,沈阳,3,中,observed,2026-08-09T19:20:49
2026-08-09,shenzhen,深圳,2,低,observed,2026-08-09T18:54:50
2026-08-09,shijiazhuang,石家庄,3,中,observed,2026-08-09T22:29:10
2026-08-09,taiyuan,太原,1,很低,observed,2026-08-09T17:17:18
2026-08-09,tianjin,天津,1,很低,observed,2026-08-09T23:30:00
2026-08-09,wuhai,乌海,3,中,observed,2026-08-09T20:06:36
2026-08-09,wuhan,武汉,1,很低,observed,2026-08-09T18:47:50
2026-08-09,wulanhaote,乌兰浩特,-1,暂无,observed,2026-08-09T23:30:00
2026-08-09,wulumuqi,乌鲁木齐,4,高,observed,2026-08-09T21:52:08
2026-08-09,wuxi,无锡,-1,暂无,observed,2026-08-09T16:53:38
2026-08-09,xian,西安,1,很低,observed,2026-08-09T16:45:38
2026-08-09,xianyang,咸阳,1,很低,observed,2026-08-09T16:36:26
2026-08-09,xining,西宁,2,低,observed,2026-08-09T21:41:16
2026-08-09,yanan,延安,-1,暂无,observed,2026-08-09T23:30:00
2026-08-09,yangzhou,扬州,1,很低,observed,2026-08-09T17:35:51
2026-08-09,yantai,烟台,2,低,observed,2026-08-09T16:35:31
2026-08-09,yinchuan,银川,2,低,observed,2026-08-09T20:18:25
2026-08-09,yulin,榆林,1,很低,observed,2026-08-09T22:59:03
2026-08-09,zhangjiakou,张家口,4,高,observed,2026-08-09T22:07:51
2026-08-09,zhengzhou,郑州,1,很低,observed,2026-08-09T18:18:21
2026-08-09,zibo,淄博,1,很低,observed,2026-08-09T23:30:00
2026-08-10,baoding,保定,2,低,observed,2026-08-10T17:06:38
2026-08-10,baotou,包头,3,中,observed,2026-08-10T17:00:16
2026-08-10,beijing,北京,2,低,observed,2026-08-10T23:30:00
2026-08-10,botou,泊头,1,很低,observed,2026-08-10T16:04:44
2026-08-10,cangzhou,沧州,2,低,observed,2026-08-10T16:46:03
2026-08-10,changchun,长春,2,低,observed,2026-08-10T18:00:56
2026-08-10,changsha,长沙,-1,暂无,observed,2026-08-10T23:30:00
2026-08-10,chengde,承德,2,低,observed,2026-08-10T17:08:03
2026-08-10,chengdu,成都,2,低,observed,2026-08-10T20:53:02
2026-08-10,chifeng,赤峰,3,中,observed,2026-08-10T22:25:31
2026-08-10,chongqing,重庆,1,很低,observed,2026-08-10T23:30:00
2026-08-10,dalian,大连,-1,暂无,observed,2026-08-10T17:52:20
2026-08-10,eerduosi,鄂尔多斯,4,高,observed,2026-08-10T18:01:55
2026-08-10,fuzhou,福州,1,很低,observed,2026-08-10T20:46:23
2026-08-10,guangzhou,广州,1,很低,observed,2026-08-10T22:23:31
2026-08-10,guiyang,贵阳,-1,暂无,observed,2026-08-10T21:11:48
2026-08-10,haerbin,哈尔滨,1,很低,observed,2026-08-10T20:01:11
2026-08-10,haikou,海口,1,很低,observed,2026-08-10T21:32:22
2026-08-10,hangzhou,杭州,-1,暂无,observed,2026-08-10T22:13:46
2026-08-10,hefei,合肥,-1,暂无,observed,2026-08-10T23:30:00
2026-08-10,huhehaote,呼和浩特,4,高,observed,2026-08-10T22:58:12
2026-08-10,jinan,济南,1,很低,observed,2026-08-10T22:22:59
2026-08-10,jiuquan,酒泉,-1,暂无,observed,
2026-08-10,kunming,昆明,-1,暂无,observed,2026-08-10T23:30:00
2026-08-10,lanzhou,兰州,3,中,observed,2026-08-10T22:15:34
2026-08-10,lasa,拉萨,2,低,observed,2026-08-10T18:32:42
2026-08-10,liaocheng,聊城,1,很低,observed,2026-08-10T17:03:43
2026-08-10,liupanshui,六盘水,2,低,observed,2026-08-10T23:30:00
2026-08-10,nanchang,南昌,1,很低,observed,2026-08-10T17:10:01
2026-08-10,nanchong,南充,1,很低,observed,2026-08-10T19:33:24
2026-08-10,nanning,南宁,1,很低,observed,2026-08-10T21:07:33
2026-08-10,shanghai,上海,-1,暂无,observed,2026-08-10T23:30:00
2026-08-10,shenyang,沈阳,4,高,observed,2026-08-10T19:37:40
2026-08-10,shenzhen,深圳,1,很低,observed,2026-08-10T19:04:45
2026-08-10,shijiazhuang,石家庄,3,中,observed,2026-08-10T22:49:26
2026-08-10,taiyuan,太原,1,很低,observed,2026-08-10T17:54:51
2026-08-10,tianjin,天津,1,很低,observed,2026-08-10T16:18:43
2026-08-10,wuhai,乌海,4,高,observed,2026-08-10T21:49:38
2026-08-10,wuhan,武汉,2,低,observed,2026-08-10T17:58:16
2026-08-10,wulanhaote,乌兰浩特,-1,暂无,observed,2026-08-10T23:30:00
2026-08-10,wulumuqi,乌鲁木齐,4,高,observed,2026-08-10T20:58:25
2026-08-10,wuxi,无锡,-1,暂无,observed,2026-08-10T23:30:00
2026-08-10,xian,西安,1,很低,observed,2026-08-10T16:30:26
2026-08-10,xianyang,咸阳,1,很低,observed,2026-08-10T17:47:59
2026-08-10,xining,西宁,1,很低,observed,2026-08-10T21:23:15
2026-08-10,yanan,延安,1,很低,observed,2026-08-10T23:30:00
2026-08-10,yangzhou,扬州,1,很低,observed,2026-08-10T23:30:00
2026-08-10,yantai,烟台,1,很低,observed,2026-08-10T18:44:01
2026-08-10,yinchuan,银川,3,中,observed,2026-08-10T22:41:21
2026-08-10,yulin,榆林,2,低,observed,2026-08-10T22:11:06
2026-08-10,zhangjiakou,张家口,4,高,observed,2026-08-10T19:15:54
2026-08-10,zhengzhou,郑州,-1,暂无,observed,2026-08-10T18:06:58
2026-08-10,zibo,淄博,1,很低,observed,2026-08-10T23:30:00
2026-08-11,baoding,保定,1,很低,observed,2026-08-11T17:16:34
2026-08-11,baotou,包头,4,高,observed,2026-08-11T22:11:05
2026-08-11,beijing,北京,2,低,observed,2026-08-11T23:30:00
2026-08-11,botou,泊头,1,很低,observed,2026-08-11T22:20:43
2026-08-11,cangzhou,沧州,2,低,observed,2026-08-11T16:38:46
2026-08-11,changchun,长春,2,低,observed,2026-08-11T19:45:19
2026-08-11,changsha,长沙,-1,暂无,observed,2026-08-11T23:30:00
2026-08-11,chengde,承德,2,低,observed,2026-08-11T17:08:14
2026-08-11,chengdu,成都,2,低,observed,2026-08-11T23:30:00
2026-08-11,chifeng,赤峰,3,中,observed,2026-08-11T22:11:09
2026-08-11,chongqing,重庆,1,很低,observed,2026-08-11T20:47:07
2026-08-11,dalian,大连,-1,暂无,observed,2026-08-11T17:30:33
2026-08-11,eerduosi,鄂尔多斯,5,很高,observed,2026-08-11T18:52:11
2026-08-11,fuzhou,福州,-1,暂无,observed,2026-08-11T17:25:49
2026-08-11,guangzhou,广州,1,很低,observed,2026-08-11T21:27:28
2026-08-11,guiyang,贵阳,-1,暂无,observed,2026-08-11T23:30:00
2026-08-11,haerbin,哈尔滨,1,很低,observed,2026-08-11T19:19:52
2026-08-11,haikou,海口,1,很低,observed,2026-08-11T21:33:16
2026-08-11,hangzhou,杭州,-1,暂无,observed,2026-08-11T22:23:03
2026-08-11,hefei,合肥,-1,暂无,observed,2026-08-11T23:30:00
2026-08-11,huhehaote,呼和浩特,4,高,observed,2026-08-11T23:09:18
2026-08-11,jinan,济南,1,很低,observed,2026-08-11T19:05:20
2026-08-11,jiuquan,酒泉,-1,暂无,observed,
2026-08-11,kunming,昆明,1,很低,observed,2026-08-11T17:26:56
2026-08-11,lanzhou,兰州,2,低,observed,2026-08-11T20:53:13
2026-08-11,lasa,拉萨,1,很低,observed,2026-08-11T18:42:12
2026-08-11,liaocheng,聊城,-1,暂无,observed,2026-08-11T16:16:58
2026-08-11,liupanshui,六盘水,2,低,observed,2026-08-11T23:30:00
2026-08-11,nanchang,南昌,1,很低,observed,2026-08-11T17:13:10
2026-08-11,nanchong,南充,1,很低,observed,2026-08-11T23:30:00
2026-08-11,nanning,南宁,1,很低,observed,2026-08-11T21:16:47
2026-08-11,shanghai,上海,-1,暂无,observed,2026-08-11T23:30:00
2026-08-11,shenyang,沈阳,3,中,observed,2026-08-11T18:14:37
2026-08-11,shenzhen,深圳,1,很低,observed,2026-08-11T20:46:25
2026-08-11,shijiazhuang,石家庄,3,中,observed,2026-08-11T22:22:49
2026-08-11,taiyuan,太原,3,中,observed,2026-08-11T18:02:12
2026-08-11,tianjin,天津,1,很低,observed,2026-08-11T16:04:22
2026-08-11,wuhai,乌海,3,中,observed,2026-08-11T18:06:33
2026-08-11,wuhan,武汉,1,很低,observed,2026-08-11T22:37:54
2026-08-11,wulanhaote,乌兰浩特,-1,暂无,observed,2026-08-11T23:30:00
2026-08-11,wulumuqi,乌鲁木齐,4,高,observed,2026-08-11T21:31:26
2026-08-11,wuxi,无锡,-1,暂无,observed,2026-08-11T23:30:00
2026-08-11,xian,西安,1,很低,observed,2026-08-11T17:11:53
2026-08-11,xianyang,咸阳,1,很低,observed,2026-08-11T17:46:16
2026-08-11,xining,西宁,1,很低,observed,2026-08-11T22:01:58
2026-08-11,yanan,延安,1,很低,observed,2026-08-11T23:30:00
2026-08-11,yangzhou,扬州,1,很低,observed,2026-08-11T17:48:46
2026-08-11,yantai,烟台,1,很低,observed,2026-08-11T17:24:04
2026-08-11,yinchuan,银川,3,中,observed,2026-08-11T21:50:03
2026-08-11,yulin,榆林,1,很低,observed,2026-08-11T22:11:07
2026-08-11,zhangjiakou,张家口,4,高,observed,2026-08-11T17:39:42
2026-08-11,zhengzhou,郑州,1,很低,observed,2026-08-11T18:14:53
2026-08-11,zibo,淄博,1,很低,observed,2026-08-11T23:30:00
2026-08-12,baoding,保定,1,很低,observed,2026-08-12T17:13:00
2026-08-12,baotou,包头,3,中,observed,2026-08-12T18:10:31
2026-08-12,beijing,北京,1,很低,observed,2026-08-12T23:30:00
2026-08-12,botou,泊头,1,很低,observed,2026-08-12T16:17:27
2026-08-12,cangzhou,沧州,1,很低,observed,2026-08-12T16:51:33
2026-08-12,changchun,长春,2,低,observed,2026-08-12T21:01:51
2026-08-12,changsha,长沙,-1,暂无,observed,2026-08-12T23:30:00
2026-08-12,chengde,承德,1,很低,observed,2026-08-12T17:10:07
2026-08-12,chengdu,成都,3,中,observed,2026-08-12T22:48:18
2026-08-12,chifeng,赤峰,3,中,observed,2026-08-12T22:43:28
2026-08-12,chongqing,重庆,-1,暂无,observed,2026-08-12T23:30:00
2026-08-12,dalian,大连,1,很低,observed,2026-08-12T23:30:00
2026-08-12,eerduosi,鄂尔多斯,5,很高,observed,2026-08-12T18:02:08
2026-08-12,fuzhou,福州,-1,暂无,observed,2026-08-12T17:20:02
2026-08-12,guangzhou,广州,1,很低,observed,2026-08-12T20:03:08
2026-08-12,guiyang,贵阳,-1,暂无,observed,2026-08-12T23:30:00
2026-08-12,haerbin,哈尔滨,1,很低,observed,2026-08-12T20:34:16
2026-08-12,haikou,海口,1,很低,observed,2026-08-12T21:23:48
2026-08-12,hangzhou,杭州,1,很低,observed,2026-08-12T18:54:41
2026-08-12,hefei,合肥,-1,暂无,observed,2026-08-12T23:30:00
2026-08-12,huhehaote,呼和浩特,-1,暂无,observed,2026-08-12T23:30:00
2026-08-12,jinan,济南,1,很低,observed,2026-08-12T17:45:58
2026-08-12,jiuquan,酒泉,-1,暂无,observed,
2026-08-12,kunming,昆明,-1,暂无,observed,2026-08-12T23:30:00
2026-08-12,lanzhou,兰州,2,低,observed,2026-08-12T22:59:23
2026-08-12,lasa,拉萨,2,低,observed,2026-08-12T18:15:29
2026-08-12,liaocheng,聊城,-1,暂无,observed,2026-08-12T16:26:48
2026-08-12,liupanshui,六盘水,2,低,observed,2026-08-12T22:11:53
2026-08-12,nanchang,南昌,1,很低,observed,2026-08-12T17:06:56
2026-08-12,nanchong,南充,1,很低,observed,2026-08-12T16:42:58
2026-08-12,nanning,南宁,1,很低,observed,2026-08-12T21:02:20
2026-08-12,shanghai,上海,-1,暂无,observed,2026-08-12T23:30:00
2026-08-12,shenyang,沈阳,3,中,observed,2026-08-12T19:16:40
2026-08-12,shenzhen,深圳,1,很低,observed,2026-08-12T16:36:10
2026-08-12,shijiazhuang,石家庄,4,高,observed,2026-08-12T17:50:33
2026-08-12,taiyuan,太原,2,低,observed,2026-08-12T18:59:20
2026-08-12,tianjin,天津,1,很低,observed,2026-08-12T16:33:01
2026-08-12,wuhai,乌海,3,中,observed,2026-08-12T17:18:09
2026-08-12,wuhan,武汉,1,很低,observed,2026-08-12T21:27:50
2026-08-12,wulanhaote,乌兰浩特,-1,暂无,observed,2026-08-12T23:30:00
2026-08-12,wulumuqi,乌鲁木齐,3,中,observed,2026-08-12T21:45:56
2026-08-12,wuxi,无锡,-1,暂无,observed,2026-08-12T23:30:00
2026-08-12,xian,西安,1,很低,observed,2026-08-12T18:20:54
2026-08-12,xianyang,咸阳,1,很低,observed,2026-08-12T17:26:06
2026-08-12,xining,西宁,1,很低,observed,2026-08-12T22:02:42
2026-08-12,yanan,延安,-1,暂无,observed,2026-08-12T23:30:00
2026-08-12,yangzhou,扬州,1,很低,observed,2026-08-12T19:30:42
2026-08-12,yantai,烟台,1,很低,observed,2026-08-12T16:33:00
2026-08-12,yinchuan,银川,2,低,observed,2026-08-12T23:30:00
2026-08-12,yulin,榆林,1,很低,observed,2026-08-12T23:30:00
2026-08-12,zhangjiakou,张家口,4,高,observed,2026-08-12T17:54:26
2026-08-12,zhengzhou,郑州,-1,暂无,observed,2026-08-12T18:25:09
2026-08-12,zibo,淄博,-1,暂无,observed,2026-08-12T23:30:00
2026-08-13,baoding,保定,2,低,observed,2026-08-13T17:19:44
2026-08-13,baotou,包头,3,中,observed,2026-08-13T17:46:06
2026-08-13,beijing,北京,3,中,observed,2026-08-13T23:30:00
2026-08-13,botou,泊头,1,很低,observed,2026-08-13T20:22:17
2026-08-13,cangzhou,沧州,1,很低,observed,2026-08-13T16:38:24
2026-08-13,changchun,长春,2,低,observed,2026-08-13T20:37:09
2026-08-13,changsha,长沙,-1,暂无,observed,2026-08-13T23:30:00
2026-08-13,chengde,承德,1,很低,observed,2026-08-13T17:09:04
2026-08-13,chengdu,成都,2,低,observed,2026-08-13T22:57:40
2026-08-13,chifeng,赤峰,3,中,observed,2026-08-13T22:18:30
2026-08-13,chongqing,重庆,1,很低,observed,2026-08-13T22:01:12
2026-08-13,dalian,大连,-1,暂无,observed,2026-08-13T17:10:03
2026-08-13,eerduosi,鄂尔多斯,5,很高,observed,2026-08-13T18:00:28
2026-08-13,fuzhou,福州,-1,暂无,observed,2026-08-13T23:30:00
2026-08-13,guangzhou,广州,1,很低,observed,2026-08-13T19:21:58
2026-08-13,guiyang,贵阳,-1,暂无,observed,2026-08-13T17:06:53
2026-08-13,haerbin,哈尔滨,2,低,observed,2026-08-13T19:48:05
2026-08-13,haikou,海口,1,很低,observed,2026-08-13T18:30:51
2026-08-13,hangzhou,杭州,1,很低,observed,2026-08-13T22:19:29
2026-08-13,hefei,合肥,-1,暂无,observed,2026-08-13T23:30:00
2026-08-13,huhehaote,呼和浩特,4,高,observed,2026-08-13T23:30:00
2026-08-13,jinan,济南,1,很低,observed,2026-08-13T22:10:59
2026-08-13,jiuquan,酒泉,-1,暂无,observed,
2026-08-13,kunming,昆明,-1,暂无,observed,2026-08-13T23:30:00
2026-08-13,lanzhou,兰州,2,低,observed,2026-08-13T23:25:36
2026-08-13,lasa,拉萨,2,低,observed,2026-08-13T18:28:34
2026-08-13,liaocheng,聊城,-1,暂无,observed,2026-08-13T16:45:41
2026-08-13,liupanshui,六盘水,2,低,observed,2026-08-13T21:26:09
2026-08-13,nanchang,南昌,1,很低,observed,2026-08-13T16:56:52
2026-08-13,nanchong,南充,1,很低,observed,2026-08-13T16:41:44
2026-08-13,nanning,南宁,1,很低,observed,2026-08-13T21:52:17
2026-08-13,shanghai,上海,-1,暂无,observed,2026-08-13T23:30:00
2026-08-13,shenyang,沈阳,2,低,observed,2026-08-13T19:34:51
2026-08-13,shenzhen,深圳,1,很低,observed,2026-08-13T21:58:01
2026-08-13,shijiazhuang,石家庄,3,中,observed,2026-08-13T18:31:53
2026-08-13,taiyuan,太原,3,中,observed,2026-08-13T17:37:16
2026-08-13,tianjin,天津,1,很低,observed,2026-08-13T16:12:49
2026-08-13,wuhai,乌海,3,中,observed,2026-08-13T17:06:26
2026-08-13,wuhan,武汉,1,很低,observed,2026-08-13T21:30:23
2026-08-13,wulanhaote,乌兰浩特,-1,暂无,observed,2026-08-13T23:30:00
2026-08-13,wulumuqi,乌鲁木齐,3,中,observed,2026-08-13T21:50:54
2026-08-13,wuxi,无锡,-1,暂无,observed,2026-08-13T16:00:27
2026-08-13,xian,西安,1,很低,observed,2026-08-13T17:16:13
2026-08-13,xianyang,咸阳,1,很低,observed,2026-08-13T16:41:55
2026-08-13,xining,西宁,1,很低,observed,2026-08-13T22:00:58
2026-08-13,yanan,延安,1,很低,observed,2026-08-13T22:16:58
2026-08-13,yangzhou,扬州,1,很低,observed,2026-08-13T17:41:19
2026-08-13,yantai,烟台,1,很低,observed,2026-08-13T17:45:46
2026-08-13,yinchuan,银川,3,中,observed,2026-08-13T22:05:46
2026-08-13,yulin,榆林,3,中,observed,2026-08-13T21:35:22
2026-08-13,zhangjiakou,张家口,5,很高,observed,2026-08-13T18:03:08
2026-08-13,zhengzhou,郑州,-1,暂无,observed,2026-08-13T18:13:51
2026-08-13,zibo,淄博,1,很低,observed,2026-08-13T23:30:00
2026-08-14,baoding,保定,2,低,observed,2026-08-14T17:28:00
2026-08-14,baotou,包头,4,高,observed,2026-08-14T16:56:25
2026-08-14,beijing,北京,2,低,observed,2026-08-14T23:30:00
2026-08-14,botou,泊头,1,很低,observed,2026-08-14T22:01:44
2026-08-14,cangzhou,沧州,1,很低,observed,2026-08-14T16:46:21
2026-08-14,changchun,长春,1,很低,observed,2026-08-14T19:58:48
2026-08-14,changsha,长沙,-1,暂无,observed,2026-08-14T23:30:00
2026-08-14,chengde,承德,3,中,observed,2026-08-14T17:12:54
2026-08-14,chengdu,成都,2,低,observed,2026-08-14T22:15:17
2026-08-14,chifeng,赤峰,4,高,observed,2026-08-14T17:46:41
2026-08-14,chongqing,重庆,1,很低,observed,2026-08-14T22:00:25
2026-08-14,dalian,大连,-1,暂无,observed,2026-08-14T23:30:00
2026-08-14,eerduosi,鄂尔多斯,5,很高,observed,2026-08-14T17:49:59
2026-08-14,fuzhou,福州,1,很低,observed,2026-08-14T19:11:30
2026-08-14,guangzhou,广州,1,很低,observed,2026-08-14T19:15:39
2026-08-14,guiyang,贵阳,-1,暂无,observed,2026-08-14T22:28:07
2026-08-14,haerbin,哈尔滨,3,中,observed,2026-08-14T18:45:00
2026-08-14,haikou,海口,1,很低,observed,2026-08-14T19:37:16
2026-08-14,hangzhou,杭州,1,很低,observed,2026-08-14T20:24:37
2026-08-14,hefei,合肥,-1,暂无,observed,2026-08-14T23:30:00
2026-08-14,huhehaote,呼和浩特,4,高,observed,2026-08-14T23:06:33
2026-08-14,jinan,济南,1,很低,observed,2026-08-14T17:34:39
2026-08-14,jiuquan,酒泉,-1,暂无,observed,
2026-08-14,kunming,昆明,1,很低,observed,2026-08-14T23:05:01
2026-08-14,lanzhou,兰州,3,中,observed,2026-08-14T22:18:32
2026-08-14,lasa,拉萨,2,低,observed,2026-08-14T18:16:43
2026-08-14,liaocheng,聊城,-1,暂无,observed,2026-08-14T17:02:21
2026-08-14,liupanshui,六盘水,2,低,observed,2026-08-14T22:50:49
2026-08-14,nanchang,南昌,1,很低,observed,2026-08-14T17:22:00
2026-08-14,nanchong,南充,-1,暂无,observed,2026-08-14T16:10:08
2026-08-14,nanning,南宁,1,很低,observed,2026-08-14T20:23:39
2026-08-14,shanghai,上海,-1,暂无,observed,2026-08-14T22:10:46
2026-08-14,shenyang,沈阳,3,中,observed,2026-08-14T18:13:34
2026-08-14,shenzhen,深圳,1,很低,observed,2026-08-14T16:29:43
2026-08-14,shijiazhuang,石家庄,3,中,observed,2026-08-14T18:11:01
2026-08-14,taiyuan,太原,3,中,observed,2026-08-14T19:04:17
2026-08-14,tianjin,天津,1,很低,observed,2026-08-14T18:14:25
2026-08-14,wuhai,乌海,4,高,observed,2026-08-14T17:20:42
2026-08-14,wuhan,武汉,1,很低,observed,2026-08-14T22:20:16
2026-08-14,wulanhaote,乌兰浩特,-1,暂无,observed,2026-08-14T23:30:00
2026-08-14,wulumuqi,乌鲁木齐,3,中,observed,2026-08-14T20:37:50
2026-08-14,wuxi,无锡,-1,暂无,observed,2026-08-14T16:47:52
2026-08-14,xian,西安,1,很低,observed,2026-08-14T16:54:09
2026-08-14,xianyang,咸阳,1,很低,observed,2026-08-14T16:45:25
2026-08-14,xining,西宁,1,很低,observed,2026-08-14T22:47:03
2026-08-14,yanan,延安,1,很低,observed,2026-08-14T23:30:00
2026-08-14,yangzhou,扬州,1,很低,observed,2026-08-14T16:28:37
2026-08-14,yantai,烟台,1,很低,observed,2026-08-14T16:53:09
2026-08-14,yinchuan,银川,-1,暂无,observed,2026-08-14T23:30:00
2026-08-14,yulin,榆林,4,高,observed,2026-08-14T22:11:27
2026-08-14,zhangjiakou,张家口,5,很高,observed,2026-08-14T18:05:09
2026-08-14,zhengzhou,郑州,1,很低,observed,2026-08-14T18:43:33
2026-08-14,zibo,淄博,1,很低,observed,2026-08-14T23:30:00
2026-08-15,baoding,保定,2,低,observed,2026-08-15T17:40:54
2026-08-15,baotou,包头,4,高,observed,2026-08-15T19:25:25
2026-08-15,beijing,北京,2,低,observed,2026-08-15T23:30:00
2026-08-15,botou,泊头,1,很低,observed,2026-08-15T16:00:08
2026-08-15,cangzhou,沧州,2,低,observed,2026-08-15T16:27:15
2026-08-15,changchun,长春,2,低,observed,2026-08-15T19:29:00
2026-08-15,changsha,长沙,-1,暂无,observed,2026-08-15T23:30:00
2026-08-15,chengde,承德,3,中,observed,2026-08-15T17:08:51
2026-08-15,chengdu,成都,2,低,observed,2026-08-15T23:30:00
2026-08-15,chifeng,赤峰,3,中,observed,2026-08-15T20:03:34
2026-08-15,chongqing,重庆,1,很低,observed,2026-08-15T21:29:03
2026-08-15,dalian,大连,1,很低,observed,2026-08-15T17:18:55
2026-08-15,eerduosi,鄂尔多斯,5,很高,observed,2026-08-15T22:29:03
2026-08-15,fuzhou,福州,-1,暂无,observed,2026-08-15T23:30:00
2026-08-15,guangzhou,广州,-1,暂无,observed,2026-08-15T20:32:33
2026-08-15,guiyang,贵阳,1,很低,observed,2026-08-15T23:30:00
2026-08-15,haerbin,哈尔滨,3,中,observed,2026-08-15T17:34:25
2026-08-15,haikou,海口,1,很低,observed,2026-08-15T21:32:47
2026-08-15,hangzhou,杭州,-1,暂无,observed,2026-08-15T22:50:44
2026-08-15,hefei,合肥,-1,暂无,observed,2026-08-15T23:30:00
2026-08-15,huhehaote,呼和浩特,-1,暂无,observed,2026-08-15T23:30:00
2026-08-15,jinan,济南,1,很低,observed,2026-08-15T22:10:55
2026-08-15,jiuquan,酒泉,-1,暂无,observed,
2026-08-15,kunming,昆明,-1,暂无,observed,2026-08-15T23:30:00
2026-08-15,lanzhou,兰州,2,低,observed,2026-08-15T23:30:00
2026-08-15,lasa,拉萨,1,很低,observed,2026-08-15T18:31:54
2026-08-15,liaocheng,聊城,1,很低,observed,2026-08-15T16:17:43
2026-08-15,liupanshui,六盘水,2,低,observed,2026-08-15T22:51:24
2026-08-15,nanchang,南昌,1,很低,observed,2026-08-15T18:26:32
2026-08-15,nanchong,南充,1,很低,observed,2026-08-15T18:47:37
2026-08-15,nanning,南宁,1,很低,observed,2026-08-15T22:33:56
2026-08-15,shanghai,上海,1,很低,observed,2026-08-15T23:30:00
2026-08-15,shenyang,沈阳,4,高,observed,2026-08-15T17:49:09
2026-08-15,shenzhen,深圳,1,很低,observed,2026-08-15T21:41:33
2026-08-15,shijiazhuang,石家庄,3,中,observed,2026-08-15T17:54:00
2026-08-15,taiyuan,太原,2,低,observed,2026-08-15T19:51:03
2026-08-15,tianjin,天津,2,低,observed,2026-08-15T23:30:00
2026-08-15,wuhai,乌海,4,高,observed,2026-08-15T18:07:48
2026-08-15,wuhan,武汉,3,中,observed,2026-08-15T21:53:03
2026-08-15,wulanhaote,乌兰浩特,-1,暂无,observed,2026-08-15T23:30:00
2026-08-15,wulumuqi,乌鲁木齐,4,高,observed,2026-08-15T21:34:35
2026-08-15,wuxi,无锡,-1,暂无,observed,2026-08-15T23:30:00
2026-08-15,xian,西安,1,很低,observed,2026-08-15T16:49:03
2026-08-15,xianyang,咸阳,1,很低,observed,2026-08-15T16:57:35
2026-08-15,xining,西宁,2,低,observed,2026-08-15T22:00:49
2026-08-15,yanan,延安,-1,暂无,observed,2026-08-15T23:30:00
2026-08-15,yangzhou,扬州,1,很低,observed,2026-08-15T18:37:02
2026-08-15,yantai,烟台,1,很低,observed,2026-08-15T16:18:14
2026-08-15,yinchuan,银川,3,中,observed,2026-08-15T18:00:22
2026-08-15,yulin,榆林,2,低,observed,2026-08-15T21:29:25
2026-08-15,zhangjiakou,张家口,4,高,observed,2026-08-15T17:01:24
2026-08-15,zhengzhou,郑州,1,很低,observed,2026-08-15T16:52:31
2026-08-15,zibo,淄博,-1,暂无,observed,2026-08-15T23:30:00
2026-08-16,baoding,保定,2,低,observed,2026-08-16T17:16:33
2026-08-16,baotou,包头,3,中,observed,2026-08-16T16:34:41
2026-08-16,beijing,北京,2,低,observed,2026-08-16T23:30:00
2026-08-16,botou,泊头,1,很低,observed,2026-08-16T22:15:18
2026-08-16,cangzhou,沧州,2,低,observed,2026-08-16T16:43:02
2026-08-16,changchun,长春,4,高,observed,2026-08-16T18:26:57
2026-08-16,changsha,长沙,-1,暂无,observed,2026-08-16T23:30:00
2026-08-16,chengde,承德,2,低,observed,2026-08-16T17:07:40
2026-08-16,chengdu,成都,2,低,observed,2026-08-16T23:30:00
2026-08-16,chifeng,赤峰,3,中,observed,2026-08-16T22:13:09
2026-08-16,chongqing,重庆,1,很低,observed,2026-08-16T21:34:52
2026-08-16,dalian,大连,1,很低,observed,2026-08-16T17:30:50
2026-08-16,eerduosi,鄂尔多斯,5,很高,observed,2026-08-16T18:39:38
2026-08-16,fuzhou,福州,-1,暂无,observed,2026-08-16T21:09:30
2026-08-16,guangzhou,广州,1,很低,observed,2026-08-16T20:01:38
2026-08-16,guiyang,贵阳,-1,暂无,observed,2026-08-16T17:02:16
2026-08-16,haerbin,哈尔滨,1,很低,observed,2026-08-16T18:12:07
2026-08-16,haikou,海口,1,很低,observed,2026-08-16T19:59:45
2026-08-16,hangzhou,杭州,1,很低,observed,2026-08-16T23:30:00
2026-08-16,hefei,合肥,-1,暂无,observed,2026-08-16T23:30:00
2026-08-16,huhehaote,呼和浩特,4,高,observed,2026-08-16T23:30:00
2026-08-16,jinan,济南,1,很低,observed,2026-08-16T18:01:18
2026-08-16,jiuquan,酒泉,-1,暂无,observed,
2026-08-16,kunming,昆明,-1,暂无,observed,2026-08-16T23:30:00
2026-08-16,lanzhou,兰州,2,低,observed,2026-08-16T22:01:25
2026-08-16,lasa,拉萨,1,很低,observed,2026-08-16T19:33:33
2026-08-16,liaocheng,聊城,1,很低,observed,2026-08-16T19:17:20
2026-08-16,liupanshui,六盘水,2,低,observed,2026-08-16T22:22:48
2026-08-16,nanchang,南昌,1,很低,observed,2026-08-16T16:36:54
2026-08-16,nanchong,南充,1,很低,observed,2026-08-16T16:34:15
2026-08-16,nanning,南宁,1,很低,observed,2026-08-16T18:18:33
2026-08-16,shanghai,上海,-1,暂无,observed,2026-08-16T23:30:00
2026-08-16,shenyang,沈阳,4,高,observed,2026-08-16T23:30:00
2026-08-16,shenzhen,深圳,1,很低,observed,2026-08-16T21:56:54
2026-08-16,shijiazhuang,石家庄,3,中,observed,2026-08-16T18:38:44
2026-08-16,taiyuan,太原,3,中,observed,2026-08-16T19:04:10
2026-08-16,tianjin,天津,1,很低,observed,2026-08-16T23:30:00
2026-08-16,wuhai,乌海,4,高,observed,2026-08-16T21:08:30
2026-08-16,wuhan,武汉,-1,暂无,observed,2026-08-16T23:30:00
2026-08-16,wulanhaote,乌兰浩特,-1,暂无,observed,2026-08-16T23:30:00
2026-08-16,wulumuqi,乌鲁木齐,4,高,observed,2026-08-16T22:20:44
2026-08-16,wuxi,无锡,1,很低,observed,2026-08-16T16:56:49
2026-08-16,xian,西安,1,很低,observed,2026-08-16T16:54:20
2026-08-16,xianyang,咸阳,2,低,observed,2026-08-16T17:03:18
2026-08-16,xining,西宁,1,很低,observed,2026-08-16T21:41:24
2026-08-16,yanan,延安,-1,暂无,observed,2026-08-16T23:30:00
2026-08-16,yangzhou,扬州,1,很低,observed,2026-08-16T20:08:11
2026-08-16,yantai,烟台,1,很低,observed,2026-08-16T17:10:27
2026-08-16,yinchuan,银川,3,中,observed,2026-08-16T18:50:40
2026-08-16,yulin,榆林,3,中,observed,2026-08-16T22:12:13
2026-08-16,zhangjiakou,张家口,2,低,observed,2026-08-16T17:59:39
2026-08-16,zhengzhou,郑州,1,很低,observed,2026-08-16T17:38:51
2026-08-16,zibo,淄博,1,很低,observed,2026-08-16T23:30:00
2026-08-17,baoding,保定,3,中,observed,2026-08-17T17:34:21
2026-08-17,baotou,包头,4,高,observed,2026-08-17T17:07:25
2026-08-17,beijing,北京,3,中,observed,2026-08-17T23:30:00
2026-08-17,botou,泊头,1,很低,observed,2026-08-17T16:03:59
2026-08-17,cangzhou,沧州,1,很低,observed,2026-08-17T23:30:00
2026-08-17,changchun,长春,3,中,observed,2026-08-17T18:22:27
2026-08-17,changsha,长沙,-1,暂无,observed,2026-08-17T23:30:00
2026-08-17,chengde,承德,3,中,observed,2026-08-17T17:09:59
2026-08-17,chengdu,成都,3,中,observed,2026-08-17T23:18:10
2026-08-17,chifeng,赤峰,3,中,observed,2026-08-17T20:24:36
2026-08-17,chongqing,重庆,1,很低,observed,2026-08-17T23:30:00
2026-08-17,dalian,大连,1,很低,observed,2026-08-17T17:22:41
2026-08-17,eerduosi,鄂尔多斯,4,高,observed,2026-08-17T20:43:23
2026-08-17,fuzhou,福州,1,很低,observed,2026-08-17T21:42:43
2026-08-17,guangzhou,广州,1,很低,observed,2026-08-17T19:21:28
2026-08-17,guiyang,贵阳,1,很低,observed,2026-08-17T23:30:00
2026-08-17,haerbin,哈尔滨,3,中,observed,2026-08-17T20:23:38
2026-08-17,haikou,海口,1,很低,observed,2026-08-17T21:32:33
2026-08-17,hangzhou,杭州,1,很低,observed,2026-08-17T21:12:16
2026-08-17,hefei,合肥,-1,暂无,observed,2026-08-17T23:30:00
2026-08-17,huhehaote,呼和浩特,4,高,observed,2026-08-17T23:07:39
2026-08-17,jinan,济南,-1,暂无,observed,2026-08-17T23:30:00
2026-08-17,jiuquan,酒泉,-1,暂无,observed,
2026-08-17,kunming,昆明,1,很低,observed,2026-08-17T23:30:00
2026-08-17,lanzhou,兰州,3,中,observed,2026-08-17T18:47:00
2026-08-17,lasa,拉萨,1,很低,observed,2026-08-17T18:29:30
2026-08-17,liaocheng,聊城,-1,暂无,observed,2026-08-17T22:29:53
2026-08-17,liupanshui,六盘水,2,低,observed,2026-08-17T22:19:31
2026-08-17,nanchang,南昌,1,很低,observed,2026-08-17T16:48:27
2026-08-17,nanchong,南充,1,很低,observed,2026-08-17T19:41:13
2026-08-17,nanning,南宁,1,很低,observed,2026-08-17T20:50:22
2026-08-17,shanghai,上海,1,很低,observed,2026-08-17T23:25:22
2026-08-17,shenyang,沈阳,2,低,observed,2026-08-17T18:22:49
2026-08-17,shenzhen,深圳,1,很低,observed,2026-08-17T16:53:31
2026-08-17,shijiazhuang,石家庄,3,中,observed,2026-08-17T23:30:00
2026-08-17,taiyuan,太原,4,高,observed,2026-08-17T19:54:02
2026-08-17,tianjin,天津,1,很低,observed,2026-08-17T16:13:39
2026-08-17,wuhai,乌海,3,中,observed,2026-08-17T17:42:09
2026-08-17,wuhan,武汉,-1,暂无,observed,2026-08-17T23:30:00
2026-08-17,wulanhaote,乌兰浩特,-1,暂无,observed,2026-08-17T23:30:00
2026-08-17,wulumuqi,乌鲁木齐,4,高,observed,2026-08-17T21:31:25
2026-08-17,wuxi,无锡,-1,暂无,observed,2026-08-17T17:28:06
2026-08-17,xian,西安,2,低,observed,2026-08-17T16:12:00
2026-08-17,xianyang,咸阳,3,中,observed,2026-08-17T17:14:37
2026-08-17,xining,西宁,1,很低,observed,2026-08-17T21:52:57
2026-08-17,yanan,延安,1,很低,observed,2026-08-17T23:30:00
2026-08-17,yangzhou,扬州,1,很低,observed,2026-08-17T19:30:23
2026-08-17,yantai,烟台,1,很低,observed,2026-08-17T18:27:34
2026-08-17,yinchuan,银川,3,中,observed,2026-08-17T21:56:37
2026-08-17,yulin,榆林,4,高,observed,2026-08-17T22:12:31
2026-08-17,zhangjiakou,张家口,4,高,observed,2026-08-17T17:39:07
2026-08-17,zhengzhou,郑州,-1,暂无,observed,2026-08-17T23:12:20
2026-08-17,zibo,淄博,1,很低,observed,2026-08-17T23:30:00
2026-08-18,baoding,保定,2,低,observed,2026-08-18T17:11:23
2026-08-18,baotou,包头,3,中,observed,2026-08-18T23:30:00
2026-08-18,beijing,北京,3,中,observed,2026-08-18T23:30:00
2026-08-18,botou,泊头,1,很低,observed,2026-08-18T21:13:58
2026-08-18,cangzhou,沧州,2,低,observed,2026-08-18T16:58:49
2026-08-18,changchun,长春,3,中,observed,2026-08-18T18:44:00
2026-08-18,changsha,长沙,-1,暂无,observed,2026-08-18T23:30:00
2026-08-18,chengde,承德,2,低,observed,2026-08-18T17:36:21
2026-08-18,chengdu,成都,2,低,observed,2026-08-18T23:30:00
2026-08-18,chifeng,赤峰,3,中,observed,2026-08-18T22:11:18
2026-08-18,chongqing,重庆,1,很低,observed,2026-08-18T23:30:00
2026-08-18,dalian,大连,1,很低,observed,2026-08-18T17:38:53
2026-08-18,eerduosi,鄂尔多斯,4,高,observed,2026-08-18T18:01:05
2026-08-18,fuzhou,福州,1,很低,observed,2026-08-18T18:59:39
2026-08-18,guangzhou,广州,1,很低,observed,2026-08-18T23:06:11
2026-08-18,guiyang,贵阳,1,很低,observed,2026-08-18T23:20:21
2026-08-18,haerbin,哈尔滨,3,中,observed,2026-08-18T23:20:28
2026-08-18,haikou,海口,1,很低,observed,2026-08-18T21:38:07
2026-08-18,hangzhou,杭州,-1,暂无,observed,2026-08-18T21:13:40
2026-08-18,hefei,合肥,-1,暂无,observed,2026-08-18T23:30:00
2026-08-18,huhehaote,呼和浩特,4,高,observed,2026-08-18T21:12:50
2026-08-18,jinan,济南,1,很低,observed,2026-08-18T17:52:04
2026-08-18,jiuquan,酒泉,-1,暂无,observed,
2026-08-18,kunming,昆明,1,很低,observed,2026-08-18T23:30:00
2026-08-18,lanzhou,兰州,3,中,observed,2026-08-18T23:30:00
2026-08-18,lasa,拉萨,2,低,observed,2026-08-18T18:11:21
2026-08-18,liaocheng,聊城,2,低,observed,2026-08-18T16:32:17
2026-08-18,liupanshui,六盘水,2,低,observed,2026-08-18T21:43:20
2026-08-18,nanchang,南昌,1,很低,observed,2026-08-18T16:52:51
2026-08-18,nanchong,南充,1,很低,observed,2026-08-18T21:09:11
2026-08-18,nanning,南宁,1,很低,observed,2026-08-18T22:11:34
2026-08-18,shanghai,上海,-1,暂无,observed,2026-08-18T22:54:24
2026-08-18,shenyang,沈阳,3,中,observed,2026-08-18T19:39:51
2026-08-18,shenzhen,深圳,-1,暂无,observed,2026-08-18T22:17:04
2026-08-18,shijiazhuang,石家庄,3,中,observed,2026-08-18T22:54:01
2026-08-18,taiyuan,太原,3,中,observed,2026-08-18T19:45:51
2026-08-18,tianjin,天津,1,很低,observed,2026-08-18T16:23:30
2026-08-18,wuhai,乌海,3,中,observed,2026-08-18T17:38:06
2026-08-18,wuhan,武汉,-1,暂无,observed,2026-08-18T17:23:06
2026-08-18,wulanhaote,乌兰浩特,-1,暂无,observed,2026-08-18T23:30:00
2026-08-18,wulumuqi,乌鲁木齐,4,高,observed,2026-08-18T22:06:06
2026-08-18,wuxi,无锡,1,很低,observed,2026-08-18T17:21:44
2026-08-18,xian,西安,2,低,observed,2026-08-18T17:49:19
2026-08-18,xianyang,咸阳,1,很低,observed,2026-08-18T17:35:22
2026-08-18,xining,西宁,1,很低,observed,2026-08-18T21:58:22
2026-08-18,yanan,延安,1,很低,observed,2026-08-18T23:30:00
2026-08-18,yangzhou,扬州,1,很低,observed,2026-08-18T17:43:53
2026-08-18,yantai,烟台,1,很低,observed,2026-08-18T16:45:35
2026-08-18,yinchuan,银川,2,低,observed,2026-08-18T22:34:16
2026-08-18,yulin,榆林,3,中,observed,2026-08-18T22:10:58
2026-08-18,zhangjiakou,张家口,4,高,observed,2026-08-18T17:10:58
2026-08-18,zhengzhou,郑州,1,很低,observed,2026-08-18T18:32:46
2026-08-18,zibo,淄博,1,很低,observed,2026-08-18T23:30:00
2026-08-19,baoding,保定,1,很低,observed,2026-08-19T17:08:47
2026-08-19,baotou,包头,3,中,observed,2026-08-19T17:53:18
2026-08-19,beijing,北京,2,低,observed,2026-08-19T23:30:00
2026-08-19,botou,泊头,1,很低,observed,2026-08-19T22:12:16
2026-08-19,cangzhou,沧州,2,低,observed,2026-08-19T16:52:54
2026-08-19,changchun,长春,4,高,observed,2026-08-19T17:55:55
2026-08-19,changsha,长沙,-1,暂无,observed,2026-08-19T23:30:00
2026-08-19,chengde,承德,3,中,observed,2026-08-19T17:51:34
2026-08-19,chengdu,成都,2,低,observed,2026-08-19T23:30:00
2026-08-19,chifeng,赤峰,3,中,observed,2026-08-19T21:29:43
2026-08-19,chongqing,重庆,1,很低,observed,2026-08-19T22:00:30
2026-08-19,dalian,大连,1,很低,observed,2026-08-19T17:58:41
2026-08-19,eerduosi,鄂尔多斯,3,中,observed,2026-08-19T19:59:43
2026-08-19,fuzhou,福州,1,很低,observed,2026-08-19T22:58:31
2026-08-19,guangzhou,广州,1,很低,observed,2026-08-19T20:56:17
2026-08-19,guiyang,贵阳,-1,暂无,observed,2026-08-19T21:58:24
2026-08-19,haerbin,哈尔滨,3,中,observed,2026-08-19T20:56:21
2026-08-19,haikou,海口,-1,暂无,observed,2026-08-19T21:32:32
2026-08-19,hangzhou,杭州,-1,暂无,observed,2026-08-19T21:24:41
2026-08-19,hefei,合肥,-1,暂无,observed,2026-08-19T23:30:00
2026-08-19,huhehaote,呼和浩特,4,高,observed,2026-08-19T21:25:17
2026-08-19,jinan,济南,1,很低,observed,2026-08-19T18:07:04
2026-08-19,jiuquan,酒泉,-1,暂无,observed,
2026-08-19,kunming,昆明,1,很低,observed,2026-08-19T23:26:36
2026-08-19,lanzhou,兰州,3,中,observed,2026-08-19T23:30:00
2026-08-19,lasa,拉萨,2,低,observed,2026-08-19T18:20:22
2026-08-19,liaocheng,聊城,-1,暂无,observed,2026-08-19T16:08:54
2026-08-19,liupanshui,六盘水,-1,暂无,observed,2026-08-19T23:30:00
2026-08-19,nanchang,南昌,1,很低,observed,2026-08-19T17:04:30
2026-08-19,nanchong,南充,-1,暂无,observed,2026-08-19T18:31:33
2026-08-19,nanning,南宁,1,很低,observed,2026-08-19T23:18:14
2026-08-19,shanghai,上海,-1,暂无,observed,2026-08-19T22:11:49
2026-08-19,shenyang,沈阳,1,很低,observed,2026-08-19T22:15:49
2026-08-19,shenzhen,深圳,1,很低,observed,2026-08-19T22:05:21
2026-08-19,shijiazhuang,石家庄,3,中,observed,2026-08-19T18:08:03
2026-08-19,taiyuan,太原,3,中,observed,2026-08-19T20:11:59
2026-08-19,tianjin,天津,1,很低,observed,2026-08-19T16:23:01
2026-08-19,wuhai,乌海,3,中,observed,2026-08-19T17:07:10
2026-08-19,wuhan,武汉,1,很低,observed,2026-08-19T23:00:52
2026-08-19,wulanhaote,乌兰浩特,-1,暂无,observed,2026-08-19T23:30:00
2026-08-19,wulumuqi,乌鲁木齐,1,很低,observed,2026-08-19T20:55:16
2026-08-19,wuxi,无锡,1,很低,observed,2026-08-19T16:19:02
2026-08-19,xian,西安,1,很低,observed,2026-08-19T20:06:20
2026-08-19,xianyang,咸阳,1,很低,observed,2026-08-19T16:49:14
2026-08-19,xining,西宁,1,很低,observed,2026-08-19T22:02:13
2026-08-19,yanan,延安,2,低,observed,2026-08-19T23:30:00
2026-08-19,yangzhou,扬州,1,很低,observed,2026-08-19T22:13:01
2026-08-19,yantai,烟台,1,很低,observed,2026-08-19T17:17:45
2026-08-19,yinchuan,银川,3,中,observed,2026-08-19T20:33:38
2026-08-19,yulin,榆林,3,中,observed,2026-08-19T22:18:31
2026-08-19,zhangjiakou,张家口,4,高,observed,2026-08-19T23:30:00
2026-08-19,zhengzhou,郑州,1,很低,observed,2026-08-19T18:00:50
2026-08-19,zibo,淄博,1,很低,observed,2026-08-19T23:30:00
2026-08-20,baoding,保定,2,低,observed,2026-08-20T17:40:57
2026-08-20,baotou,包头,4,高,observed,2026-08-20T18:27:37
2026-08-20,beijing,北京,2,低,observed,2026-08-20T23:30:00
2026-08-20,botou,泊头,1,很低,observed,2026-08-20T16:24:02
2026-08-20,cangzhou,沧州,1,很低,observed,2026-08-20T17:37:27
2026-08-20,changchun,长春,4,高,observed,2026-08-20T16:52:24
2026-08-20,changsha,长沙,-1,暂无,observed,2026-08-20T23:30:00
2026-08-20,chengde,承德,3,中,observed,2026-08-20T22:06:08
2026-08-20,chengdu,成都,1,很低,observed,2026-08-20T23:30:00
2026-08-20,chifeng,赤峰,3,中,observed,2026-08-20T20:46:05
2026-08-20,chongqing,重庆,1,很低,observed,2026-08-20T21:58:58
2026-08-20,dalian,大连,1,很低,observed,2026-08-20T17:43:46
2026-08-20,eerduosi,鄂尔多斯,5,很高,observed,2026-08-20T18:34:34
2026-08-20,fuzhou,福州,-1,暂无,observed,2026-08-20T18:54:28
2026-08-20,guangzhou,广州,1,很低,observed,2026-08-20T23:17:47
2026-08-20,guiyang,贵阳,-1,暂无,observed,2026-08-20T23:21:11
2026-08-20,haerbin,哈尔滨,4,高,observed,2026-08-20T20:47:26
2026-08-20,haikou,海口,-1,暂无,observed,2026-08-20T21:32:35
2026-08-20,hangzhou,杭州,1,很低,observed,2026-08-20T19:37:41
2026-08-20,hefei,合肥,-1,暂无,observed,2026-08-20T23:30:00
2026-08-20,huhehaote,呼和浩特,4,高,observed,2026-08-20T22:46:01
2026-08-20,jinan,济南,1,很低,observed,2026-08-20T22:14:41
2026-08-20,jiuquan,酒泉,-1,暂无,observed,
2026-08-20,kunming,昆明,1,很低,observed,2026-08-20T23:30:00
2026-08-20,lanzhou,兰州,4,高,observed,2026-08-20T23:06:41
2026-08-20,lasa,拉萨,2,低,observed,2026-08-20T18:17:01
2026-08-20,liaocheng,聊城,-1,暂无,observed,2026-08-20T16:22:56
2026-08-20,liupanshui,六盘水,2,低,observed,2026-08-20T19:42:09
2026-08-20,nanchang,南昌,1,很低,observed,2026-08-20T16:48:34
2026-08-20,nanchong,南充,1,很低,observed,2026-08-20T17:29:48
2026-08-20,nanning,南宁,1,很低,observed,2026-08-20T19:20:58
2026-08-20,shanghai,上海,1,很低,observed,2026-08-20T23:30:00
2026-08-20,shenyang,沈阳,4,高,observed,2026-08-20T19:18:14
2026-08-20,shenzhen,深圳,1,很低,observed,2026-08-20T21:44:55
2026-08-20,shijiazhuang,石家庄,3,中,observed,2026-08-20T22:17:24
2026-08-20,taiyuan,太原,3,中,observed,2026-08-20T22:11:02
2026-08-20,tianjin,天津,2,低,observed,2026-08-20T16:35:27
2026-08-20,wuhai,乌海,4,高,observed,2026-08-20T17:19:19
2026-08-20,wuhan,武汉,2,低,observed,2026-08-20T19:13:40
2026-08-20,wulanhaote,乌兰浩特,-1,暂无,observed,2026-08-20T23:30:00
2026-08-20,wulumuqi,乌鲁木齐,3,中,observed,2026-08-20T21:52:14
2026-08-20,wuxi,无锡,1,很低,observed,2026-08-20T16:30:54
2026-08-20,xian,西安,2,低,observed,2026-08-20T16:53:30
2026-08-20,xianyang,咸阳,2,低,observed,2026-08-20T17:03:58
2026-08-20,xining,西宁,1,很低,observed,2026-08-20T22:01:32
2026-08-20,yanan,延安,2,低,observed,2026-08-20T23:30:00
2026-08-20,yangzhou,扬州,1,很低,observed,2026-08-20T20:52:05
2026-08-20,yantai,烟台,1,很低,observed,2026-08-20T16:36:49
2026-08-20,yinchuan,银川,2,低,observed,2026-08-20T23:30:00
2026-08-20,yulin,榆林,3,中,observed,2026-08-20T22:11:04
2026-08-20,zhangjiakou,张家口,4,高,observed,2026-08-20T17:53:39
2026-08-20,zhengzhou,郑州,1,很低,observed,2026-08-20T18:27:56
2026-08-20,zibo,淄博,-1,暂无,observed,2026-08-20T23:30:00
2026-08-21,baoding,保定,2,低,observed,2026-08-21T17:08:33
2026-08-21,baotou,包头,5,很高,observed,2026-08-21T18:13:02
2026-08-21,beijing,北京,3,中,observed,2026-08-21T23:30:00
2026-08-21,botou,泊头,1,很低,observed,2026-08-21T16:49:48
2026-08-21,cangzhou,沧州,2,低,observed,2026-08-21T17:11:30
2026-08-21,changchun,长春,4,高,observed,2026-08-21T16:51:06
2026-08-21,changsha,长沙,-1,暂无,observed,2026-08-21T23:30:00
2026-08-21,chengde,承德,3,中,observed,2026-08-21T17:09:04
2026-08-21,chengdu,成都,3,中,observed,2026-08-21T21:52:53
2026-08-21,chifeng,赤峰,3,中,observed,2026-08-21T22:11:22
2026-08-21,chongqing,重庆,1,很低,observed,2026-08-21T21:33:17
2026-08-21,dalian,大连,1,很低,observed,2026-08-21T17:12:57
2026-08-21,eerduosi,鄂尔多斯,5,很高,observed,2026-08-21T23:30:00
2026-08-21,fuzhou,福州,1,很低,observed,2026-08-21T17:57:43
2026-08-21,guangzhou,广州,1,很低,observed,2026-08-21T23:19:48
2026-08-21,guiyang,贵阳,1,很低,observed,2026-08-21T23:20:22
2026-08-21,haerbin,哈尔滨,3,中,observed,2026-08-21T21:23:01
2026-08-21,haikou,海口,1,很低,observed,2026-08-21T20:42:49
2026-08-21,hangzhou,杭州,1,很低,observed,2026-08-21T22:11:30
2026-08-21,hefei,合肥,-1,暂无,observed,2026-08-21T23:30:00
2026-08-21,huhehaote,呼和浩特,4,高,observed,2026-08-21T19:57:37
2026-08-21,jinan,济南,1,很低,observed,2026-08-21T23:01:38
2026-08-21,jiuquan,酒泉,-1,暂无,observed,
2026-08-21,kunming,昆明,1,很低,observed,2026-08-21T22:28:16
2026-08-21,lanzhou,兰州,4,高,observed,2026-08-21T23:07:10
2026-08-21,lasa,拉萨,1,很低,observed,2026-08-21T17:49:01
2026-08-21,liaocheng,聊城,1,很低,observed,2026-08-21T16:21:33
2026-08-21,liupanshui,六盘水,2,低,observed,2026-08-21T19:57:38
2026-08-21,nanchang,南昌,1,很低,observed,2026-08-21T17:18:04
2026-08-21,nanchong,南充,1,很低,observed,2026-08-21T18:05:41
2026-08-21,nanning,南宁,1,很低,observed,2026-08-21T18:26:40
2026-08-21,shanghai,上海,-1,暂无,observed,2026-08-21T23:30:00
2026-08-21,shenyang,沈阳,3,中,observed,2026-08-21T20:54:09
2026-08-21,shenzhen,深圳,1,很低,observed,2026-08-21T22:03:39
2026-08-21,shijiazhuang,石家庄,3,中,observed,2026-08-21T19:08:46
2026-08-21,taiyuan,太原,3,中,observed,2026-08-21T18:41:38
2026-08-21,tianjin,天津,2,低,observed,2026-08-21T16:18:32
2026-08-21,wuhai,乌海,4,高,observed,2026-08-21T18:09:00
2026-08-21,wuhan,武汉,-1,暂无,observed,2026-08-21T23:30:00
2026-08-21,wulanhaote,乌兰浩特,-1,暂无,observed,2026-08-21T23:30:00
2026-08-21,wulumuqi,乌鲁木齐,4,高,observed,2026-08-21T23:30:00
2026-08-21,wuxi,无锡,1,很低,observed,2026-08-21T16:16:24
2026-08-21,xian,西安,2,低,observed,2026-08-21T16:20:13
2026-08-21,xianyang,咸阳,1,很低,observed,2026-08-21T16:19:04
2026-08-21,xining,西宁,1,很低,observed,2026-08-21T17:27:39
2026-08-21,yanan,延安,2,低,observed,2026-08-21T23:30:00
2026-08-21,yangzhou,扬州,1,很低,observed,2026-08-21T22:11:03
2026-08-21,yantai,烟台,1,很低,observed,2026-08-21T17:08:44
2026-08-21,yinchuan,银川,4,高,observed,2026-08-21T22:02:54
2026-08-21,yulin,榆林,2,低,observed,2026-08-21T23:30:00
2026-08-21,zhangjiakou,张家口,4,高,observed,2026-08-21T19:14:02
2026-08-21,zhengzhou,郑州,1,很低,observed,2026-08-21T17:22:19
2026-08-21,zibo,淄博,1,很低,observed,2026-08-21T23:30:00
2026-08-22,baoding,保定,3,中,observed,2026-08-22T17:06:07
2026-08-22,baotou,包头,3,中,observed,2026-08-22T17:06:08
2026-08-22,beijing,北京,3,中,observed,2026-08-22T23:30:00
2026-08-22,botou,泊头,1,很低,observed,2026-08-22T20:53:13
2026-08-22,cangzhou,沧州,2,低,observed,2026-08-22T17:26:19
2026-08-22,changchun,长春,3,中,observed,2026-08-22T18:47:09
2026-08-22,changsha,长沙,-1,暂无,observed,2026-08-22T23:30:00
2026-08-22,chengde,承德,3,中,observed,2026-08-22T17:08:03
2026-08-22,chengdu,成都,2,低,observed,2026-08-22T23:30:00
2026-08-22,chifeng,赤峰,3,中,observed,2026-08-22T23:30:00
2026-08-22,chongqing,重庆,1,很低,observed,2026-08-22T23:28:18
2026-08-22,dalian,大连,1,很低,observed,2026-08-22T17:16:13
2026-08-22,eerduosi,鄂尔多斯,5,很高,observed,2026-08-22T18:05:21
2026-08-22,fuzhou,福州,-1,暂无,observed,2026-08-22T19:04:14
2026-08-22,guangzhou,广州,-1,暂无,observed,2026-08-22T23:30:00
2026-08-22,guiyang,贵阳,-1,暂无,observed,2026-08-22T21:19:22
2026-08-22,haerbin,哈尔滨,3,中,observed,2026-08-22T20:27:27
2026-08-22,haikou,海口,1,很低,observed,2026-08-22T21:32:43
2026-08-22,hangzhou,杭州,-1,暂无,observed,2026-08-22T17:13:25
2026-08-22,hefei,合肥,-1,暂无,observed,2026-08-22T23:30:00
2026-08-22,huhehaote,呼和浩特,4,高,observed,2026-08-22T22:05:23
2026-08-22,jinan,济南,1,很低,observed,2026-08-22T22:25:19
2026-08-22,jiuquan,酒泉,-1,暂无,observed,
2026-08-22,kunming,昆明,1,很低,observed,2026-08-22T23:30:00
2026-08-22,lanzhou,兰州,4,高,observed,2026-08-22T22:55:25
2026-08-22,lasa,拉萨,2,低,observed,2026-08-22T18:44:40
2026-08-22,liaocheng,聊城,1,很低,observed,2026-08-22T16:42:59
2026-08-22,liupanshui,六盘水,2,低,observed,2026-08-22T22:48:43
2026-08-22,nanchang,南昌,1,很低,observed,2026-08-22T16:58:37
2026-08-22,nanchong,南充,1,很低,observed,2026-08-22T18:25:52
2026-08-22,nanning,南宁,1,很低,observed,2026-08-22T17:50:18
2026-08-22,shanghai,上海,-1,暂无,observed,2026-08-22T23:30:00
2026-08-22,shenyang,沈阳,3,中,observed,2026-08-22T19:05:37
2026-08-22,shenzhen,深圳,1,很低,observed,2026-08-22T22:56:54
2026-08-22,shijiazhuang,石家庄,3,中,observed,2026-08-22T23:06:19
2026-08-22,taiyuan,太原,4,高,observed,2026-08-22T19:39:14
2026-08-22,tianjin,天津,1,很低,observed,2026-08-22T23:30:00
2026-08-22,wuhai,乌海,3,中,observed,2026-08-22T18:35:13
2026-08-22,wuhan,武汉,2,低,observed,2026-08-22T21:51:44
2026-08-22,wulanhaote,乌兰浩特,-1,暂无,observed,2026-08-22T23:30:00
2026-08-22,wulumuqi,乌鲁木齐,4,高,observed,2026-08-22T21:07:16
2026-08-22,wuxi,无锡,1,很低,observed,2026-08-22T16:28:09
2026-08-22,xian,西安,2,低,observed,2026-08-22T21:58:53
2026-08-22,xianyang,咸阳,2,低,observed,2026-08-22T17:14:02
2026-08-22,xining,西宁,1,很低,observed,2026-08-22T21:52:27
2026-08-22,yanan,延安,-1,暂无,observed,2026-08-22T23:30:00
2026-08-22,yangzhou,扬州,1,很低,observed,2026-08-22T21:01:39
2026-08-22,yantai,烟台,1,很低,observed,2026-08-22T17:06:47
2026-08-22,yinchuan,银川,3,中,observed,2026-08-22T18:37:11
2026-08-22,yulin,榆林,2,低,observed,2026-08-22T20:35:52
2026-08-22,zhangjiakou,张家口,4,高,observed,2026-08-22T18:17:04
2026-08-22,zhengzhou,郑州,-1,暂无,observed,2026-08-22T18:02:08
2026-08-22,zibo,淄博,-1,暂无,observed,2026-08-22T23:30:00
2026-08-23,baoding,保定,3,中,observed,2026-08-23T17:12:59
2026-08-23,baotou,包头,2,低,observed,2026-08-23T17:30:04
2026-08-23,beijing,北京,3,中,observed,2026-08-23T23:30:00
2026-08-23,botou,泊头,1,很低,observed,2026-08-23T20:05:19
2026-08-23,cangzhou,沧州,2,低,observed,2026-08-23T17:40:20
2026-08-23,changchun,长春,4,高,observed,2026-08-23T21:00:32
2026-08-23,changsha,长沙,-1,暂无,observed,2026-08-23T23:30:00
2026-08-23,chengde,承德,3,中,observed,2026-08-23T17:57:56
2026-08-23,chengdu,成都,2,低,observed,2026-08-23T22:27:12
2026-08-23,chifeng,赤峰,3,中,observed,2026-08-23T21:18:11
2026-08-23,chongqing,重庆,-1,暂无,observed,2026-08-23T23:30:00
2026-08-23,dalian,大连,1,很低,observed,2026-08-23T17:01:07
2026-08-23,eerduosi,鄂尔多斯,5,很高,observed,2026-08-23T18:00:45
2026-08-23,fuzhou,福州,1,很低,observed,2026-08-23T17:11:03
2026-08-23,guangzhou,广州,1,很低,observed,2026-08-23T20:15:47
2026-08-23,guiyang,贵阳,1,很低,observed,2026-08-23T16:29:16
2026-08-23,haerbin,哈尔滨,2,低,observed,2026-08-23T18:02:36
2026-08-23,haikou,海口,1,很低,observed,2026-08-23T21:32:26
2026-08-23,hangzhou,杭州,-1,暂无,observed,2026-08-23T20:36:12
2026-08-23,hefei,合肥,-1,暂无,observed,2026-08-23T23:30:00
2026-08-23,huhehaote,呼和浩特,4,高,observed,2026-08-23T22:36:47
2026-08-23,jinan,济南,1,很低,observed,2026-08-23T17:58:16
2026-08-23,jiuquan,酒泉,-1,暂无,observed,
2026-08-23,kunming,昆明,1,很低,observed,2026-08-23T23:30:00
2026-08-23,lanzhou,兰州,1,很低,observed,2026-08-23T20:25:25
2026-08-23,lasa,拉萨,2,低,observed,2026-08-23T21:25:41
2026-08-23,liaocheng,聊城,1,很低,observed,2026-08-23T23:30:00
2026-08-23,liupanshui,六盘水,2,低,observed,2026-08-23T20:30:32
2026-08-23,nanchang,南昌,1,很低,observed,2026-08-23T16:10:42
2026-08-23,nanchong,南充,1,很低,observed,2026-08-23T18:17:12
2026-08-23,nanning,南宁,1,很低,observed,2026-08-23T19:08:14
2026-08-23,shanghai,上海,1,很低,observed,2026-08-23T23:30:00
2026-08-23,shenyang,沈阳,3,中,observed,2026-08-23T17:26:54
2026-08-23,shenzhen,深圳,1,很低,observed,2026-08-23T22:59:21
2026-08-23,shijiazhuang,石家庄,3,中,observed,2026-08-23T22:20:59
2026-08-23,taiyuan,太原,4,高,observed,2026-08-23T19:04:53
2026-08-23,tianjin,天津,2,低,observed,2026-08-23T23:30:00
2026-08-23,wuhai,乌海,3,中,observed,2026-08-23T18:04:22
2026-08-23,wuhan,武汉,-1,暂无,observed,2026-08-23T23:30:00
2026-08-23,wulanhaote,乌兰浩特,-1,暂无,observed,2026-08-23T23:30:00
2026-08-23,wulumuqi,乌鲁木齐,3,中,observed,2026-08-23T21:02:52
2026-08-23,wuxi,无锡,1,很低,observed,2026-08-23T16:09:55
2026-08-23,xian,西安,2,低,observed,2026-08-23T16:00:49
2026-08-23,xianyang,咸阳,3,中,observed,2026-08-23T17:04:35
2026-08-23,xining,西宁,2,低,observed,2026-08-23T21:54:33
2026-08-23,yanan,延安,-1,暂无,observed,2026-08-23T23:30:00
2026-08-23,yangzhou,扬州,1,很低,observed,2026-08-23T17:08:16
2026-08-23,yantai,烟台,1,很低,observed,2026-08-23T18:11:44
2026-08-23,yinchuan,银川,2,低,observed,2026-08-23T19:51:01
2026-08-23,yulin,榆林,2,低,observed,2026-08-23T22:42:50
2026-08-23,zhangjiakou,张家口,5,很高,observed,2026-08-23T17:38:36
2026-08-23,zhengzhou,郑州,-1,暂无,observed,2026-08-23T18:14:30
2026-08-23,zibo,淄博,1,很低,observed,2026-08-23T23:30:00
2026-08-24,baoding,保定,4,高,observed,2026-08-24T17:15:12
2026-08-24,baotou,包头,3,中,observed,2026-08-24T17:30:10
2026-08-24,beijing,北京,3,中,observed,2026-08-24T23:30:00
2026-08-24,botou,泊头,1,很低,observed,2026-08-24T16:07:24
2026-08-24,cangzhou,沧州,3,中,observed,2026-08-24T17:38:40
2026-08-24,changchun,长春,2,低,observed,2026-08-24T18:09:08
2026-08-24,changsha,长沙,-1,暂无,observed,2026-08-24T23:30:00
2026-08-24,chengde,承德,3,中,observed,2026-08-24T17:08:22
2026-08-24,chengdu,成都,1,很低,observed,2026-08-24T21:52:09
2026-08-24,chifeng,赤峰,2,低,observed,2026-08-24T22:11:30
2026-08-24,chongqing,重庆,1,很低,observed,2026-08-24T23:14:12
2026-08-24,dalian,大连,-1,暂无,observed,2026-08-24T17:26:13
2026-08-24,eerduosi,鄂尔多斯,5,很高,observed,2026-08-24T23:30:00
2026-08-24,fuzhou,福州,-1,暂无,observed,2026-08-24T23:30:00
2026-08-24,guangzhou,广州,1,很低,observed,2026-08-24T21:17:13
2026-08-24,guiyang,贵阳,1,很低,observed,2026-08-24T23:20:27
2026-08-24,haerbin,哈尔滨,2,低,observed,2026-08-24T19:59:11
2026-08-24,haikou,海口,-1,暂无,observed,2026-08-24T21:32:26
2026-08-24,hangzhou,杭州,1,很低,observed,2026-08-24T17:08:19
2026-08-24,hefei,合肥,-1,暂无,observed,2026-08-24T23:30:00
2026-08-24,huhehaote,呼和浩特,-1,暂无,observed,2026-08-24T23:30:00
2026-08-24,jinan,济南,1,很低,observed,2026-08-24T17:55:29
2026-08-24,jiuquan,酒泉,-1,暂无,observed,
2026-08-24,kunming,昆明,2,低,observed,2026-08-24T23:30:00
2026-08-24,lanzhou,兰州,4,高,observed,2026-08-24T22:27:06
2026-08-24,lasa,拉萨,2,低,observed,2026-08-24T18:06:06
2026-08-24,liaocheng,聊城,1,很低,observed,2026-08-24T16:51:21
2026-08-24,liupanshui,六盘水,2,低,observed,2026-08-24T22:45:22
2026-08-24,nanchang,南昌,1,很低,observed,2026-08-24T17:08:39
2026-08-24,nanchong,南充,1,很低,observed,2026-08-24T17:33:32
2026-08-24,nanning,南宁,2,低,observed,2026-08-24T19:27:23
2026-08-24,shanghai,上海,-1,暂无,observed,2026-08-24T23:30:00
2026-08-24,shenyang,沈阳,2,低,observed,2026-08-24T19:00:31
2026-08-24,shenzhen,深圳,1,很低,observed,2026-08-24T16:47:34
2026-08-24,shijiazhuang,石家庄,3,中,observed,2026-08-24T18:01:16
2026-08-24,taiyuan,太原,4,高,observed,2026-08-24T18:47:55
2026-08-24,tianjin,天津,2,低,observed,2026-08-24T16:10:35
2026-08-24,wuhai,乌海,3,中,observed,2026-08-24T17:16:15
2026-08-24,wuhan,武汉,-1,暂无,observed,2026-08-24T23:30:00
2026-08-24,wulanhaote,乌兰浩特,-1,暂无,observed,2026-08-24T23:30:00
2026-08-24,wulumuqi,乌鲁木齐,3,中,observed,2026-08-24T22:12:49
2026-08-24,wuxi,无锡,1,很低,observed,2026-08-24T16:54:29
2026-08-24,xian,西安,3,中,observed,2026-08-24T16:05:29
2026-08-24,xianyang,咸阳,3,中,observed,2026-08-24T17:08:58
2026-08-24,xining,西宁,1,很低,observed,2026-08-24T21:46:53
2026-08-24,yanan,延安,3,中,observed,2026-08-24T23:30:00
2026-08-24,yangzhou,扬州,1,很低,observed,2026-08-24T22:49:10
2026-08-24,yantai,烟台,2,低,observed,2026-08-24T17:52:36
2026-08-24,yinchuan,银川,3,中,observed,2026-08-24T18:26:41
2026-08-24,yulin,榆林,2,低,observed,2026-08-24T20:22:15
2026-08-24,zhangjiakou,张家口,4,高,observed,2026-08-24T17:24:15
2026-08-24,zhengzhou,郑州,-1,暂无,observed,2026-08-24T20:05:22
2026-08-24,zibo,淄博,1,很低,observed,2026-08-24T23:30:00
2026-08-25,baoding,保定,3,中,observed,2026-08-25T17:07:05
2026-08-25,baotou,包头,5,很高,observed,2026-08-25T17:50:53
2026-08-25,beijing,北京,3,中,observed,2026-08-25T23:30:00
2026-08-25,botou,泊头,2,低,observed,2026-08-25T16:19:19
2026-08-25,cangzhou,沧州,3,中,observed,2026-08-25T23:30:00
2026-08-25,changchun,长春,2,低,observed,2026-08-25T19:24:26
2026-08-25,changsha,长沙,-1,暂无,observed,2026-08-25T23:30:00
2026-08-25,chengde,承德,3,中,observed,2026-08-25T17:17:10
2026-08-25,chengdu,成都,1,很低,observed,2026-08-25T18:01:50
2026-08-25,chifeng,赤峰,3,中,observed,2026-08-25T18:15:03
2026-08-25,chongqing,重庆,-1,暂无,observed,2026-08-25T23:30:00
2026-08-25,dalian,大连,-1,暂无,observed,2026-08-25T17:04:08
2026-08-25,eerduosi,鄂尔多斯,5,很高,observed,2026-08-25T18:07:03
2026-08-25,fuzhou,福州,1,很低,observed,2026-08-25T19:31:37
2026-08-25,guangzhou,广州,1,很低,observed,2026-08-25T20:21:52
2026-08-25,guiyang,贵阳,1,很低,observed,2026-08-25T23:20:32
2026-08-25,haerbin,哈尔滨,4,高,observed,2026-08-25T19:32:02
2026-08-25,haikou,海口,1,很低,observed,2026-08-25T21:32:27
2026-08-25,hangzhou,杭州,-1,暂无,observed,2026-08-25T19:00:06
2026-08-25,hefei,合肥,-1,暂无,observed,2026-08-25T23:30:00
2026-08-25,huhehaote,呼和浩特,-1,暂无,observed,2026-08-25T23:30:00
2026-08-25,jinan,济南,1,很低,observed,2026-08-25T16:59:20
2026-08-25,jiuquan,酒泉,-1,暂无,observed,
2026-08-25,kunming,昆明,1,很低,observed,2026-08-25T23:30:00
2026-08-25,lanzhou,兰州,4,高,observed,2026-08-25T21:44:19
2026-08-25,lasa,拉萨,2,低,observed,2026-08-25T18:16:34
2026-08-25,liaocheng,聊城,1,很低,observed,2026-08-25T16:39:31
2026-08-25,liupanshui,六盘水,2,低,observed,2026-08-25T21:14:04
2026-08-25,nanchang,南昌,1,很低,observed,2026-08-25T17:30:59
2026-08-25,nanchong,南充,-1,暂无,observed,2026-08-25T18:31:41
2026-08-25,nanning,南宁,2,低,observed,2026-08-25T18:09:35
2026-08-25,shanghai,上海,1,很低,observed,2026-08-25T22:16:32
2026-08-25,shenyang,沈阳,4,高,observed,2026-08-25T17:44:25
2026-08-25,shenzhen,深圳,1,很低,observed,2026-08-25T23:07:35
2026-08-25,shijiazhuang,石家庄,3,中,observed,2026-08-25T22:42:38
2026-08-25,taiyuan,太原,3,中,observed,2026-08-25T19:14:00
2026-08-25,tianjin,天津,2,低,observed,2026-08-25T16:25:17
2026-08-25,wuhai,乌海,4,高,observed,2026-08-25T17:52:20
2026-08-25,wuhan,武汉,1,很低,observed,2026-08-25T23:30:00
2026-08-25,wulanhaote,乌兰浩特,-1,暂无,observed,2026-08-25T23:30:00
2026-08-25,wulumuqi,乌鲁木齐,4,高,observed,2026-08-25T21:04:19
2026-08-25,wuxi,无锡,1,很低,observed,2026-08-25T16:25:53
2026-08-25,xian,西安,3,中,observed,2026-08-25T16:03:32
2026-08-25,xianyang,咸阳,2,低,observed,2026-08-25T17:28:58
2026-08-25,xining,西宁,1,很低,observed,2026-08-25T21:26:43
2026-08-25,yanan,延安,-1,暂无,observed,2026-08-25T23:30:00
2026-08-25,yangzhou,扬州,1,很低,observed,2026-08-25T19:03:02
2026-08-25,yantai,烟台,2,低,observed,2026-08-25T16:39:53
2026-08-25,yinchuan,银川,3,中,observed,2026-08-25T23:30:00
2026-08-25,yulin,榆林,3,中,observed,2026-08-25T21:15:16
2026-08-25,zhangjiakou,张家口,5,很高,observed,2026-08-25T17:08:20
2026-08-25,zhengzhou,郑州,1,很低,observed,2026-08-25T18:02:25
2026-08-25,zibo,淄博,2,低,observed,2026-08-25T23:30:00
2026-08-26,baoding,保定,3,中,observed,2026-08-26T17:12:50
2026-08-26,baotou,包头,2,低,observed,2026-08-26T17:31:55
2026-08-26,beijing,北京,3,中,observed,2026-08-26T23:30:00
2026-08-26,botou,泊头,1,很低,observed,2026-08-26T16:26:43
2026-08-26,cangzhou,沧州,1,很低,observed,2026-08-26T16:52:37
2026-08-26,changchun,长春,2,低,observed,2026-08-26T22:02:15
2026-08-26,changsha,长沙,-1,暂无,observed,2026-08-26T23:30:00
2026-08-26,chengde,承德,3,中,observed,2026-08-26T22:14:27
2026-08-26,chengdu,成都,1,很低,observed,2026-08-26T23:22:30
2026-08-26,chifeng,赤峰,2,低,observed,2026-08-26T18:36:53
2026-08-26,chongqing,重庆,1,很低,observed,2026-08-26T21:33:47
2026-08-26,dalian,大连,-1,暂无,observed,2026-08-26T17:30:55
2026-08-26,eerduosi,鄂尔多斯,5,很高,observed,2026-08-26T23:30:00
2026-08-26,fuzhou,福州,1,很低,observed,2026-08-26T18:03:57
2026-08-26,guangzhou,广州,1,很低,observed,2026-08-26T21:10:22
2026-08-26,guiyang,贵阳,1,很低,observed,2026-08-26T18:30:11
2026-08-26,haerbin,哈尔滨,3,中,observed,2026-08-26T19:59:56
2026-08-26,haikou,海口,-1,暂无,observed,2026-08-26T23:30:00
2026-08-26,hangzhou,杭州,1,很低,observed,2026-08-26T18:39:48
2026-08-26,hefei,合肥,-1,暂无,observed,2026-08-26T23:30:00
2026-08-26,huhehaote,呼和浩特,4,高,observed,2026-08-26T18:06:35
2026-08-26,jinan,济南,1,很低,observed,2026-08-26T22:11:14
2026-08-26,jiuquan,酒泉,-1,暂无,observed,
2026-08-26,kunming,昆明,1,很低,observed,2026-08-26T23:30:00
2026-08-26,lanzhou,兰州,3,中,observed,2026-08-26T22:18:03
2026-08-26,lasa,拉萨,2,低,observed,2026-08-26T17:25:28
2026-08-26,liaocheng,聊城,1,很低,observed,2026-08-26T16:22:20
2026-08-26,liupanshui,六盘水,2,低,observed,2026-08-26T22:40:27
2026-08-26,nanchang,南昌,1,很低,observed,2026-08-26T17:01:08
2026-08-26,nanchong,南充,-1,暂无,observed,2026-08-26T18:24:57
2026-08-26,nanning,南宁,2,低,observed,2026-08-26T17:59:36
2026-08-26,shanghai,上海,1,很低,observed,2026-08-26T23:30:00
2026-08-26,shenyang,沈阳,4,高,observed,2026-08-26T20:00:04
2026-08-26,shenzhen,深圳,1,很低,observed,2026-08-26T16:06:58
2026-08-26,shijiazhuang,石家庄,3,中,observed,2026-08-26T17:44:58
2026-08-26,taiyuan,太原,3,中,observed,2026-08-26T22:11:10
2026-08-26,tianjin,天津,1,很低,observed,2026-08-26T16:11:34
2026-08-26,wuhai,乌海,4,高,observed,2026-08-26T17:48:46
2026-08-26,wuhan,武汉,1,很低,observed,2026-08-26T21:24:49
2026-08-26,wulanhaote,乌兰浩特,-1,暂无,observed,2026-08-26T23:30:00
2026-08-26,wulumuqi,乌鲁木齐,3,中,observed,2026-08-26T20:07:35
2026-08-26,wuxi,无锡,1,很低,observed,2026-08-26T16:49:50
2026-08-26,xian,西安,3,中,observed,2026-08-26T20:40:00
2026-08-26,xianyang,咸阳,3,中,observed,2026-08-26T16:36:37
2026-08-26,xining,西宁,1,很低,observed,2026-08-26T22:01:41
2026-08-26,yanan,延安,-1,暂无,observed,2026-08-26T23:30:00
2026-08-26,yangzhou,扬州,1,很低,observed,2026-08-26T18:32:12
2026-08-26,yantai,烟台,3,中,observed,2026-08-26T17:13:59
2026-08-26,yinchuan,银川,2,低,observed,2026-08-26T23:16:27
2026-08-26,yulin,榆林,3,中,observed,2026-08-26T22:11:56
2026-08-26,zhangjiakou,张家口,5,很高,observed,2026-08-26T17:17:59
2026-08-26,zhengzhou,郑州,1,很低,observed,2026-08-26T18:51:43
2026-08-26,zibo,淄博,2,低,observed,2026-08-26T23:30:00
2026-08-27,baoding,保定,2,低,observed,2026-08-27T17:09:03
2026-08-27,baotou,包头,3,中,observed,2026-08-27T17:35:35
2026-08-27,beijing,北京,3,中,observed,2026-08-27T23:30:00
2026-08-27,botou,泊头,2,低,observed,2026-08-27T16:17:15
2026-08-27,cangzhou,沧州,3,中,observed,2026-08-27T16:58:14
2026-08-27,changchun,长春,4,高,observed,2026-08-27T17:53:01
2026-08-27,changsha,长沙,-1,暂无,observed,2026-08-27T23:30:00
2026-08-27,chengde,承德,3,中,observed,2026-08-27T22:14:01
2026-08-27,chengdu,成都,2,低,observed,2026-08-27T21:25:26
2026-08-27,chifeng,赤峰,3,中,observed,2026-08-27T21:22:28
2026-08-27,chongqing,重庆,1,很低,observed,2026-08-27T21:38:27
2026-08-27,dalian,大连,1,很低,observed,2026-08-27T17:34:38
2026-08-27,eerduosi,鄂尔多斯,5,很高,observed,2026-08-27T18:21:02
2026-08-27,fuzhou,福州,1,很低,observed,2026-08-27T23:30:00
2026-08-27,guangzhou,广州,-1,暂无,observed,2026-08-27T21:18:12
2026-08-27,guiyang,贵阳,-1,暂无,observed,2026-08-27T22:57:24
2026-08-27,haerbin,哈尔滨,2,低,observed,2026-08-27T20:29:58
2026-08-27,haikou,海口,1,很低,observed,2026-08-27T18:25:56
2026-08-27,hangzhou,杭州,1,很低,observed,2026-08-27T22:11:10
2026-08-27,hefei,合肥,-1,暂无,observed,2026-08-27T23:30:00
2026-08-27,huhehaote,呼和浩特,4,高,observed,2026-08-27T17:22:39
2026-08-27,jinan,济南,1,很低,observed,2026-08-27T22:11:15
2026-08-27,jiuquan,酒泉,-1,暂无,observed,
2026-08-27,kunming,昆明,1,很低,observed,2026-08-27T22:59:58
2026-08-27,lanzhou,兰州,1,很低,observed,2026-08-27T21:49:43
2026-08-27,lasa,拉萨,2,低,observed,2026-08-27T18:13:07
2026-08-27,liaocheng,聊城,2,低,observed,2026-08-27T16:54:43
2026-08-27,liupanshui,六盘水,2,低,observed,2026-08-27T23:30:00
2026-08-27,nanchang,南昌,1,很低,observed,2026-08-27T17:29:17
2026-08-27,nanchong,南充,1,很低,observed,2026-08-27T17:13:27
2026-08-27,nanning,南宁,2,低,observed,2026-08-27T16:41:04
2026-08-27,shanghai,上海,-1,暂无,observed,2026-08-27T23:30:00
2026-08-27,shenyang,沈阳,1,很低,observed,2026-08-27T17:13:26
2026-08-27,shenzhen,深圳,1,很低,observed,2026-08-27T22:27:20
2026-08-27,shijiazhuang,石家庄,3,中,observed,2026-08-27T16:27:03
2026-08-27,taiyuan,太原,2,低,observed,2026-08-27T17:29:30
2026-08-27,tianjin,天津,2,低,observed,2026-08-27T16:18:07
2026-08-27,wuhai,乌海,2,低,observed,2026-08-27T17:02:05
2026-08-27,wuhan,武汉,2,低,observed,2026-08-27T23:30:00
2026-08-27,wulanhaote,乌兰浩特,-1,暂无,observed,2026-08-27T23:30:00
2026-08-27,wulumuqi,乌鲁木齐,3,中,observed,2026-08-27T21:10:50
2026-08-27,wuxi,无锡,1,很低,observed,2026-08-27T20:44:46
2026-08-27,xian,西安,3,中,observed,2026-08-27T16:49:48
2026-08-27,xianyang,咸阳,3,中,observed,2026-08-27T16:38:29
2026-08-27,xining,西宁,1,很低,observed,2026-08-27T21:41:23
2026-08-27,yanan,延安,-1,暂无,observed,2026-08-27T23:30:00
2026-08-27,yangzhou,扬州,1,很低,observed,2026-08-27T17:19:18
2026-08-27,yantai,烟台,1,很低,observed,2026-08-27T16:11:50
2026-08-27,yinchuan,银川,-1,暂无,observed,2026-08-27T22:55:44
2026-08-27,yulin,榆林,3,中,observed,2026-08-27T23:30:00
2026-08-27,zhangjiakou,张家口,4,高,observed,2026-08-27T17:21:41
2026-08-27,zhengzhou,郑州,1,很低,observed,2026-08-27T17:50:10
2026-08-27,zibo,淄博,2,低,observed,2026-08-27T23:30:00
2026-08-28,baoding,保定,2,低,observed,2026-08-28T17:13:08
2026-08-28,baotou,包头,4,高,observed,2026-08-28T18:10:26
2026-08-28,beijing,北京,3,中,observed,2026-08-28T23:30:00
2026-08-28,botou,泊头,2,低,observed,2026-08-28T16:05:51
2026-08-28,cangzhou,沧州,2,低,observed,2026-08-28T17:11:51
2026-08-28,changchun,长春,3,中,observed,2026-08-28T16:57:11
2026-08-28,changsha,长沙,-1,暂无,observed,2026-08-28T23:30:00
2026-08-28,chengde,承德,3,中,observed,2026-08-28T17:07:55
2026-08-28,chengdu,成都,1,很低,observed,2026-08-28T23:30:00
2026-08-28,chifeng,赤峰,3,中,observed,2026-08-28T19:30:51
2026-08-28,chongqing,重庆,1,很低,observed,2026-08-28T23:30:00
2026-08-28,dalian,大连,3,中,observed,2026-08-28T17:30:42
2026-08-28,eerduosi,鄂尔多斯,5,很高,observed,2026-08-28T20:26:09
2026-08-28,fuzhou,福州,-1,暂无,observed,2026-08-28T17:09:30
2026-08-28,guangzhou,广州,-1,暂无,observed,2026-08-28T19:42:49
2026-08-28,guiyang,贵阳,-1,暂无,observed,2026-08-28T23:20:29
2026-08-28,haerbin,哈尔滨,1,很低,observed,2026-08-28T19:51:14
2026-08-28,haikou,海口,-1,暂无,observed,2026-08-28T21:33:24
2026-08-28,hangzhou,杭州,-1,暂无,observed,2026-08-28T21:49:31
2026-08-28,hefei,合肥,-1,暂无,observed,2026-08-28T23:30:00
2026-08-28,huhehaote,呼和浩特,4,高,observed,2026-08-28T23:30:00
2026-08-28,jinan,济南,1,很低,observed,2026-08-28T17:21:29
2026-08-28,jiuquan,酒泉,-1,暂无,observed,
2026-08-28,kunming,昆明,-1,暂无,observed,2026-08-28T23:30:00
2026-08-28,lanzhou,兰州,1,很低,observed,2026-08-28T21:13:18
2026-08-28,lasa,拉萨,3,中,observed,2026-08-28T18:17:14
2026-08-28,liaocheng,聊城,1,很低,observed,2026-08-28T16:37:56
2026-08-28,liupanshui,六盘水,2,低,observed,2026-08-28T20:43:09
2026-08-28,nanchang,南昌,1,很低,observed,2026-08-28T17:00:33
2026-08-28,nanchong,南充,1,很低,observed,2026-08-28T18:30:42
2026-08-28,nanning,南宁,1,很低,observed,2026-08-28T17:24:25
2026-08-28,shanghai,上海,1,很低,observed,2026-08-28T23:30:00
2026-08-28,shenyang,沈阳,5,很高,observed,2026-08-28T17:27:22
2026-08-28,shenzhen,深圳,1,很低,observed,2026-08-28T21:49:12
2026-08-28,shijiazhuang,石家庄,3,中,observed,2026-08-28T18:01:15
2026-08-28,taiyuan,太原,2,低,observed,2026-08-28T18:20:29
2026-08-28,tianjin,天津,2,低,observed,2026-08-28T16:25:25
2026-08-28,wuhai,乌海,1,很低,observed,2026-08-28T17:22:26
2026-08-28,wuhan,武汉,-1,暂无,observed,2026-08-28T23:30:00
2026-08-28,wulanhaote,乌兰浩特,-1,暂无,observed,2026-08-28T23:30:00
2026-08-28,wulumuqi,乌鲁木齐,3,中,observed,2026-08-28T21:04:53
2026-08-28,wuxi,无锡,1,很低,observed,2026-08-28T16:22:26
2026-08-28,xian,西安,3,中,observed,2026-08-28T17:20:15
2026-08-28,xianyang,咸阳,4,高,observed,2026-08-28T17:05:22
2026-08-28,xining,西宁,1,很低,observed,2026-08-28T21:45:33
2026-08-28,yanan,延安,3,中,observed,2026-08-28T23:30:00
2026-08-28,yangzhou,扬州,1,很低,observed,2026-08-28T16:27:18
2026-08-28,yantai,烟台,3,中,observed,2026-08-28T16:44:35
2026-08-28,yinchuan,银川,2,低,observed,2026-08-28T20:05:38
2026-08-28,yulin,榆林,3,中,observed,2026-08-28T22:55:52
2026-08-28,zhangjiakou,张家口,5,很高,observed,2026-08-28T19:40:38
2026-08-28,zhengzhou,郑州,1,很低,observed,2026-08-28T17:44:33
2026-08-28,zibo,淄博,3,中,observed,2026-08-28T23:30:00
2026-08-29,baoding,保定,3,中,observed,2026-08-29T17:05:00
2026-08-29,baotou,包头,5,很高,observed,2026-08-29T17:24:45
2026-08-29,beijing,北京,3,中,observed,2026-08-29T23:30:00
2026-08-29,botou,泊头,1,很低,observed,2026-08-29T16:55:36
2026-08-29,cangzhou,沧州,2,低,observed,2026-08-29T17:31:28
2026-08-29,changchun,长春,2,低,observed,2026-08-29T20:27:19
2026-08-29,changsha,长沙,-1,暂无,observed,2026-08-29T23:30:00
2026-08-29,chengde,承德,3,中,observed,2026-08-29T17:05:29
2026-08-29,chengdu,成都,-1,暂无,observed,2026-08-29T23:30:00
2026-08-29,chifeng,赤峰,2,低,observed,2026-08-29T20:12:55
2026-08-29,chongqing,重庆,1,很低,observed,2026-08-29T22:00:50
2026-08-29,dalian,大连,2,低,observed,2026-08-29T23:30:00
2026-08-29,eerduosi,鄂尔多斯,5,很高,observed,2026-08-29T18:03:44
2026-08-29,fuzhou,福州,-1,暂无,observed,2026-08-29T23:30:00
2026-08-29,guangzhou,广州,-1,暂无,observed,2026-08-29T19:58:58
2026-08-29,guiyang,贵阳,-1,暂无,observed,2026-08-29T23:30:00
2026-08-29,haerbin,哈尔滨,1,很低,observed,2026-08-29T22:26:18
2026-08-29,haikou,海口,1,很低,observed,2026-08-29T20:29:35
2026-08-29,hangzhou,杭州,-1,暂无,observed,2026-08-29T19:43:34
2026-08-29,hefei,合肥,-1,暂无,observed,2026-08-29T23:30:00
2026-08-29,huhehaote,呼和浩特,-1,暂无,observed,2026-08-29T23:30:00
2026-08-29,jinan,济南,-1,暂无,observed,2026-08-29T23:30:00
2026-08-29,jiuquan,酒泉,-1,暂无,observed,
2026-08-29,kunming,昆明,1,很低,observed,2026-08-29T23:30:00
2026-08-29,lanzhou,兰州,1,很低,observed,2026-08-29T23:30:00
2026-08-29,lasa,拉萨,2,低,observed,2026-08-29T17:46:35
2026-08-29,liaocheng,聊城,1,很低,observed,2026-08-29T16:39:30
2026-08-29,liupanshui,六盘水,2,低,observed,2026-08-29T21:46:39
2026-08-29,nanchang,南昌,1,很低,observed,2026-08-29T17:18:21
2026-08-29,nanchong,南充,1,很低,observed,2026-08-29T17:03:14
2026-08-29,nanning,南宁,1,很低,observed,2026-08-29T19:14:39
2026-08-29,shanghai,上海,-1,暂无,observed,2026-08-29T23:30:00
2026-08-29,shenyang,沈阳,3,中,observed,2026-08-29T18:48:10
2026-08-29,shenzhen,深圳,1,很低,observed,2026-08-29T22:48:31
2026-08-29,shijiazhuang,石家庄,3,中,observed,2026-08-29T22:16:03
2026-08-29,taiyuan,太原,4,高,observed,2026-08-29T17:42:59
2026-08-29,tianjin,天津,1,很低,observed,2026-08-29T17:39:52
2026-08-29,wuhai,乌海,3,中,observed,2026-08-29T21:59:31
2026-08-29,wuhan,武汉,3,中,observed,2026-08-29T16:25:48
2026-08-29,wulanhaote,乌兰浩特,-1,暂无,observed,2026-08-29T23:30:00
2026-08-29,wulumuqi,乌鲁木齐,3,中,observed,2026-08-29T20:05:33
2026-08-29,wuxi,无锡,1,很低,observed,2026-08-29T16:10:15
2026-08-29,xian,西安,3,中,observed,2026-08-29T19:27:42
2026-08-29,xianyang,咸阳,3,中,observed,2026-08-29T16:06:55
2026-08-29,xining,西宁,1,很低,observed,2026-08-29T21:50:49
2026-08-29,yanan,延安,-1,暂无,observed,2026-08-29T23:30:00
2026-08-29,yangzhou,扬州,1,很低,observed,2026-08-29T17:32:07
2026-08-29,yantai,烟台,2,低,observed,2026-08-29T17:08:23
2026-08-29,yinchuan,银川,2,低,observed,2026-08-29T22:38:11
2026-08-29,yulin,榆林,4,高,observed,2026-08-29T22:22:03
2026-08-29,zhangjiakou,张家口,4,高,observed,2026-08-29T19:21:00
2026-08-29,zhengzhou,郑州,1,很低,observed,2026-08-29T18:28:33
2026-08-29,zibo,淄博,2,低,observed,2026-08-29T23:30:00
2026-08-30,baoding,保定,3,中,observed,2026-08-30T17:23:20
2026-08-30,baotou,包头,5,很高,observed,2026-08-30T22:26:14
2026-08-30,beijing,北京,4,高,observed,2026-08-30T23:30:00
2026-08-30,botou,泊头,2,低,observed,2026-08-30T16:11:14
2026-08-30,cangzhou,沧州,4,高,observed,2026-08-30T17:10:41
2026-08-30,changchun,长春,3,中,observed,2026-08-30T22:02:04
2026-08-30,changsha,长沙,-1,暂无,observed,2026-08-30T23:30:00
2026-08-30,chengde,承德,3,中,observed,2026-08-30T17:03:24
2026-08-30,chengdu,成都,2,低,observed,2026-08-30T21:35:50
2026-08-30,chifeng,赤峰,3,中,observed,2026-08-30T21:42:44
2026-08-30,chongqing,重庆,1,很低,observed,2026-08-30T20:36:51
2026-08-30,dalian,大连,1,很低,observed,2026-08-30T17:32:25
2026-08-30,eerduosi,鄂尔多斯,5,很高,observed,2026-08-30T17:47:58
2026-08-30,fuzhou,福州,-1,暂无,observed,2026-08-30T19:38:38
2026-08-30,guangzhou,广州,1,很低,observed,2026-08-30T20:03:25
2026-08-30,guiyang,贵阳,1,很低,observed,2026-08-30T16:00:12
2026-08-30,haerbin,哈尔滨,1,很低,observed,2026-08-30T20:21:34
2026-08-30,haikou,海口,1,很低,observed,2026-08-30T21:32:20
2026-08-30,hangzhou,杭州,-1,暂无,observed,2026-08-30T20:58:44
2026-08-30,hefei,合肥,-1,暂无,observed,2026-08-30T23:30:00
2026-08-30,huhehaote,呼和浩特,4,高,observed,2026-08-30T23:30:00
2026-08-30,jinan,济南,1,很低,observed,2026-08-30T22:12:16
2026-08-30,jiuquan,酒泉,-1,暂无,observed,
2026-08-30,kunming,昆明,1,很低,observed,2026-08-30T23:30:00
2026-08-30,lanzhou,兰州,4,高,observed,2026-08-30T21:27:16
2026-08-30,lasa,拉萨,-1,暂无,observed,2026-08-30T23:30:00
2026-08-30,liaocheng,聊城,1,很低,observed,2026-08-30T16:20:25
2026-08-30,liupanshui,六盘水,1,很低,observed,2026-08-30T18:27:31
2026-08-30,nanchang,南昌,1,很低,observed,2026-08-30T16:45:52
2026-08-30,nanchong,南充,-1,暂无,observed,2026-08-30T23:30:00
2026-08-30,nanning,南宁,1,很低,observed,2026-08-30T18:28:51
2026-08-30,shanghai,上海,-1,暂无,observed,2026-08-30T23:30:00
2026-08-30,shenyang,沈阳,4,高,observed,2026-08-30T19:23:13
2026-08-30,shenzhen,深圳,1,很低,observed,2026-08-30T21:40:15
2026-08-30,shijiazhuang,石家庄,3,中,observed,2026-08-30T22:19:11
2026-08-30,taiyuan,太原,5,很高,observed,2026-08-30T19:28:02
2026-08-30,tianjin,天津,3,中,observed,2026-08-30T18:13:11
2026-08-30,wuhai,乌海,3,中,observed,2026-08-30T17:07:12
2026-08-30,wuhan,武汉,2,低,observed,2026-08-30T16:04:43
2026-08-30,wulanhaote,乌兰浩特,-1,暂无,observed,2026-08-30T23:30:00
2026-08-30,wulumuqi,乌鲁木齐,4,高,observed,2026-08-30T21:15:22
2026-08-30,wuxi,无锡,1,很低,observed,2026-08-30T16:50:30
2026-08-30,xian,西安,3,中,observed,2026-08-30T18:01:45
2026-08-30,xianyang,咸阳,4,高,observed,2026-08-30T16:50:25
2026-08-30,xining,西宁,1,很低,observed,2026-08-30T22:01:46
2026-08-30,yanan,延安,4,高,observed,2026-08-30T22:12:35
2026-08-30,yangzhou,扬州,1,很低,observed,2026-08-30T19:03:39
2026-08-30,yantai,烟台,3,中,observed,2026-08-30T16:38:24
2026-08-30,yinchuan,银川,2,低,observed,2026-08-30T19:22:16
2026-08-30,yulin,榆林,4,高,observed,2026-08-30T21:58:11
2026-08-30,zhangjiakou,张家口,5,很高,observed,2026-08-30T18:16:09
2026-08-30,zhengzhou,郑州,2,低,observed,2026-08-30T18:00:24
2026-08-30,zibo,淄博,4,高,observed,2026-08-30T19:58:48
2026-08-31,baoding,保定,5,很高,observed,2026-08-31T17:10:04
2026-08-31,baotou,包头,5,很高,observed,2026-08-31T22:39:41
2026-08-31,beijing,北京,5,很高,observed,2026-08-31T23:30:00
2026-08-31,botou,泊头,3,中,observed,2026-08-31T21:26:23
2026-08-31,cangzhou,沧州,4,高,observed,2026-08-31T17:51:00
2026-08-31,changchun,长春,5,很高,observed,2026-08-31T21:03:04
2026-08-31,changsha,长沙,-1,暂无,observed,2026-08-31T23:30:00
2026-08-31,chengde,承德,4,高,observed,2026-08-31T22:10:54
2026-08-31,chengdu,成都,2,低,observed,2026-08-31T23:01:02
2026-08-31,chifeng,赤峰,3,中,observed,2026-08-31T20:12:03
2026-08-31,chongqing,重庆,1,很低,observed,2026-08-31T23:01:28
2026-08-31,dalian,大连,2,低,observed,2026-08-31T23:30:00
2026-08-31,eerduosi,鄂尔多斯,5,很高,observed,2026-08-31T23:30:00
2026-08-31,fuzhou,福州,-1,暂无,observed,2026-08-31T17:17:26
2026-08-31,guangzhou,广州,1,很低,observed,2026-08-31T20:18:05
2026-08-31,guiyang,贵阳,1,很低,observed,2026-08-31T19:40:01
2026-08-31,haerbin,哈尔滨,1,很低,observed,2026-08-31T19:50:29
2026-08-31,haikou,海口,1,很低,observed,2026-08-31T21:32:25
2026-08-31,hangzhou,杭州,-1,暂无,observed,2026-08-31T22:46:29
2026-08-31,hefei,合肥,-1,暂无,observed,2026-08-31T23:30:00
2026-08-31,huhehaote,呼和浩特,4,高,observed,2026-08-31T21:08:43
2026-08-31,jinan,济南,2,低,observed,2026-08-31T16:54:49
2026-08-31,jiuquan,酒泉,-1,暂无,observed,
2026-08-31,kunming,昆明,1,很低,observed,2026-08-31T23:30:00
2026-08-31,lanzhou,兰州,4,高,observed,2026-08-31T21:29:47
2026-08-31,lasa,拉萨,-1,暂无,observed,2026-08-31T23:30:00
2026-08-31,liaocheng,聊城,2,低,observed,2026-08-31T16:47:46
2026-08-31,liupanshui,六盘水,2,低,observed,2026-08-31T21:20:02
2026-08-31,nanchang,南昌,1,很低,observed,2026-08-31T19:18:41
2026-08-31,nanchong,南充,1,很低,observed,2026-08-31T23:10:54
2026-08-31,nanning,南宁,1,很低,observed,2026-08-31T17:39:22
2026-08-31,shanghai,上海,-1,暂无,observed,2026-08-31T23:30:00
2026-08-31,shenyang,沈阳,5,很高,observed,2026-08-31T19:29:49
2026-08-31,shenzhen,深圳,1,很低,observed,2026-08-31T17:41:09
2026-08-31,shijiazhuang,石家庄,4,高,observed,2026-08-31T17:35:06
2026-08-31,taiyuan,太原,5,很高,observed,2026-08-31T18:39:53
2026-08-31,tianjin,天津,3,中,observed,2026-08-31T16:16:44
2026-08-31,wuhai,乌海,4,高,observed,2026-08-31T17:15:21
2026-08-31,wuhan,武汉,1,很低,observed,2026-08-31T20:48:31
2026-08-31,wulanhaote,乌兰浩特,-1,暂无,observed,2026-08-31T23:30:00
2026-08-31,wulumuqi,乌鲁木齐,3,中,observed,2026-08-31T21:15:07
2026-08-31,wuxi,无锡,1,很低,observed,2026-08-31T17:06:53
2026-08-31,xian,西安,4,高,observed,2026-08-31T17:42:22
2026-08-31,xianyang,咸阳,4,高,observed,2026-08-31T16:59:52
2026-08-31,xining,西宁,1,很低,observed,2026-08-31T21:57:34
2026-08-31,yanan,延安,3,中,observed,2026-08-31T23:30:00
2026-08-31,yangzhou,扬州,1,很低,observed,2026-08-31T17:36:05
2026-08-31,yantai,烟台,3,中,observed,2026-08-31T18:12:43
2026-08-31,yinchuan,银川,4,高,observed,2026-08-31T19:04:05
2026-08-31,yulin,榆林,4,高,observed,2026-08-31T22:56:08
2026-08-31,zhangjiakou,张家口,5,很高,observed,2026-08-31T17:16:06
2026-08-31,zhengzhou,郑州,4,高,observed,2026-08-31T18:16:18
2026-08-31,zibo,淄博,4,高,observed,2026-08-31T21:58:00
2026-09-01,baoding,保定,5,很高,observed,2026-09-01T17:09:45
2026-09-01,baotou,包头,5,很高,observed,2026-09-01T17:06:01
2026-09-01,beijing,北京,4,高,observed,2026-09-01T23:30:00
2026-09-01,botou,泊头,4,高,observed,2026-09-01T18:57:58
2026-09-01,cangzhou,沧州,4,高,observed,2026-09-01T17:20:49
2026-09-01,changchun,长春,2,低,observed,2026-09-01T23:30:00
2026-09-01,changsha,长沙,1,很低,observed,2026-09-01T17:19:11
2026-09-01,chengde,承德,4,高,observed,2026-09-01T17:27:12
2026-09-01,chengdu,成都,2,低,observed,2026-09-01T23:30:00
2026-09-01,chifeng,赤峰,3,中,observed,2026-09-01T21:31:35
2026-09-01,chongqing,重庆,1,很低,observed,2026-09-01T23:30:00
2026-09-01,dalian,大连,4,高,observed,2026-09-01T17:30:34
2026-09-01,eerduosi,鄂尔多斯,5,很高,observed,2026-09-01T18:00:32
2026-09-01,fuzhou,福州,-1,暂无,observed,2026-09-01T16:35:24
2026-09-01,guangzhou,广州,1,很低,observed,2026-09-01T21:52:07
2026-09-01,guiyang,贵阳,-1,暂无,observed,2026-09-01T23:20:27
2026-09-01,haerbin,哈尔滨,1,很低,observed,2026-09-01T21:02:44
2026-09-01,haikou,海口,-1,暂无,observed,2026-09-01T21:32:29
2026-09-01,hangzhou,杭州,1,很低,observed,2026-09-01T22:52:11
2026-09-01,hefei,合肥,-1,暂无,observed,2026-09-01T23:30:00
2026-09-01,huhehaote,呼和浩特,4,高,observed,2026-09-01T23:30:00
2026-09-01,jinan,济南,-1,暂无,observed,2026-09-01T23:30:00
2026-09-01,jiuquan,酒泉,-1,暂无,observed,
2026-09-01,kunming,昆明,3,中,observed,2026-09-01T23:17:03
2026-09-01,lanzhou,兰州,5,很高,observed,2026-09-01T21:54:55
2026-09-01,lasa,拉萨,2,低,observed,2026-09-01T17:44:21
2026-09-01,liaocheng,聊城,2,低,observed,2026-09-01T17:47:26
2026-09-01,liupanshui,六盘水,2,低,observed,2026-09-01T22:06:16
2026-09-01,nanchang,南昌,1,很低,observed,2026-09-01T17:01:21
2026-09-01,nanchong,南充,1,很低,observed,2026-09-01T17:42:07
2026-09-01,nanning,南宁,2,低,observed,2026-09-01T18:21:10
2026-09-01,shanghai,上海,1,很低,observed,2026-09-01T23:30:00
2026-09-01,shenyang,沈阳,4,高,observed,2026-09-01T17:12:05
2026-09-01,shenzhen,深圳,1,很低,observed,2026-09-01T23:30:00
2026-09-01,shijiazhuang,石家庄,4,高,observed,2026-09-01T18:02:01
2026-09-01,taiyuan,太原,5,很高,observed,2026-09-01T19:06:43
2026-09-01,tianjin,天津,3,中,observed,2026-09-01T16:23:30
2026-09-01,wuhai,乌海,4,高,observed,2026-09-01T17:08:18
2026-09-01,wuhan,武汉,2,低,observed,2026-09-01T23:30:00
2026-09-01,wulanhaote,乌兰浩特,-1,暂无,observed,2026-09-01T23:30:00
2026-09-01,wulumuqi,乌鲁木齐,4,高,observed,2026-09-01T21:22:14
2026-09-01,wuxi,无锡,1,很低,observed,2026-09-01T17:02:05
2026-09-01,xian,西安,4,高,observed,2026-09-01T16:29:33
2026-09-01,xianyang,咸阳,5,很高,observed,2026-09-01T17:01:35
2026-09-01,xining,西宁,1,很低,observed,2026-09-01T21:50:38
2026-09-01,yanan,延安,4,高,observed,2026-09-01T23:30:00
2026-09-01,yangzhou,扬州,1,很低,observed,2026-09-01T18:04:26
2026-09-01,yantai,烟台,4,高,observed,2026-09-01T16:21:39
2026-09-01,yinchuan,银川,4,高,observed,2026-09-01T18:10:52
2026-09-01,yulin,榆林,5,很高,observed,2026-09-01T20:03:26
2026-09-01,zhangjiakou,张家口,4,高,observed,2026-09-01T17:47:42
2026-09-01,zhengzhou,郑州,2,低,observed,2026-09-01T17:51:50
2026-09-01,zibo,淄博,5,很高,observed,2026-09-01T20:53:02
2026-09-02,baoding,保定,4,高,observed,2026-09-02T17:34:46
2026-09-02,baotou,包头,5,很高,observed,2026-09-02T17:12:25
2026-09-02,beijing,北京,4,高,observed,2026-09-02T23:30:00
2026-09-02,botou,泊头,4,高,observed,2026-09-02T22:23:52
2026-09-02,cangzhou,沧州,4,高,observed,2026-09-02T17:24:51
2026-09-02,changchun,长春,2,低,observed,2026-09-02T18:00:25
2026-09-02,changsha,长沙,-1,暂无,observed,2026-09-02T23:30:00
2026-09-02,chengde,承德,3,中,observed,2026-09-02T17:07:49
2026-09-02,chengdu,成都,2,低,observed,2026-09-02T22:21:18
2026-09-02,chifeng,赤峰,3,中,observed,2026-09-02T20:11:57
2026-09-02,chongqing,重庆,1,很低,observed,2026-09-02T23:30:00
2026-09-02,dalian,大连,3,中,observed,2026-09-02T17:23:36
2026-09-02,eerduosi,鄂尔多斯,5,很高,observed,2026-09-02T18:00:54
2026-09-02,fuzhou,福州,-1,暂无,observed,2026-09-02T17:48:28
2026-09-02,guangzhou,广州,1,很低,observed,2026-09-02T21:18:09
2026-09-02,guiyang,贵阳,1,很低,observed,2026-09-02T17:21:38
2026-09-02,haerbin,哈尔滨,2,低,observed,2026-09-02T21:07:15
2026-09-02,haikou,海口,1,很低,observed,2026-09-02T21:32:53
2026-09-02,hangzhou,杭州,-1,暂无,observed,2026-09-02T21:56:12
2026-09-02,hefei,合肥,-1,暂无,observed,2026-09-02T23:30:00
2026-09-02,huhehaote,呼和浩特,4,高,observed,2026-09-02T23:10:18
2026-09-02,jinan,济南,2,低,observed,2026-09-02T17:50:53
2026-09-02,jiuquan,酒泉,-1,暂无,observed,
2026-09-02,kunming,昆明,2,低,observed,2026-09-02T22:46:46
2026-09-02,lanzhou,兰州,5,很高,observed,2026-09-02T23:30:00
2026-09-02,lasa,拉萨,3,中,observed,2026-09-02T18:15:20
2026-09-02,liaocheng,聊城,2,低,observed,2026-09-02T16:56:30
2026-09-02,liupanshui,六盘水,2,低,observed,2026-09-02T21:03:01
2026-09-02,nanchang,南昌,1,很低,observed,2026-09-02T16:59:15
2026-09-02,nanchong,南充,-1,暂无,observed,2026-09-02T20:24:23
2026-09-02,nanning,南宁,2,低,observed,2026-09-02T16:35:14
2026-09-02,shanghai,上海,-1,暂无,observed,2026-09-02T23:30:00
2026-09-02,shenyang,沈阳,4,高,observed,2026-09-02T18:42:57
2026-09-02,shenzhen,深圳,1,很低,observed,2026-09-02T16:21:07
2026-09-02,shijiazhuang,石家庄,3,中,observed,2026-09-02T22:12:46
2026-09-02,taiyuan,太原,5,很高,observed,2026-09-02T18:54:36
2026-09-02,tianjin,天津,3,中,observed,2026-09-02T16:23:10
2026-09-02,wuhai,乌海,5,很高,observed,2026-09-02T18:19:58
2026-09-02,wuhan,武汉,2,低,observed,2026-09-02T22:21:18
2026-09-02,wulanhaote,乌兰浩特,-1,暂无,observed,2026-09-02T23:30:00
2026-09-02,wulumuqi,乌鲁木齐,2,低,observed,2026-09-02T20:55:24
2026-09-02,wuxi,无锡,1,很低,observed,2026-09-02T17:41:36
2026-09-02,xian,西安,5,很高,observed,2026-09-02T17:30:56
2026-09-02,xianyang,咸阳,5,很高,observed,2026-09-02T17:04:59
2026-09-02,xining,西宁,1,很低,observed,2026-09-02T21:47:28
2026-09-02,yanan,延安,4,高,observed,2026-09-02T23:30:00
2026-09-02,yangzhou,扬州,1,很低,observed,2026-09-02T17:32:32
2026-09-02,yantai,烟台,4,高,observed,2026-09-02T16:20:41
2026-09-02,yinchuan,银川,4,高,observed,2026-09-02T18:06:02
2026-09-02,yulin,榆林,5,很高,observed,2026-09-02T21:57:12
2026-09-02,zhangjiakou,张家口,5,很高,observed,2026-09-02T17:16:02
2026-09-02,zhengzhou,郑州,3,中,observed,2026-09-02T17:50:25
2026-09-02,zibo,淄博,4,高,observed,2026-09-02T23:30:00
2026-09-03,baoding,保定,4,高,observed,2026-09-03T17:15:49
2026-09-03,baotou,包头,5,很高,observed,2026-09-03T17:38:55
2026-09-03,beijing,北京,5,很高,observed,2026-09-03T23:30:00
2026-09-03,botou,泊头,3,中,observed,2026-09-03T22:11:04
2026-09-03,cangzhou,沧州,4,高,observed,2026-09-03T17:20:53
2026-09-03,changchun,长春,3,中,observed,2026-09-03T20:20:12
2026-09-03,changsha,长沙,1,很低,observed,2026-09-03T17:35:13
2026-09-03,chengde,承德,3,中,observed,2026-09-03T17:16:16
2026-09-03,chengdu,成都,4,高,observed,2026-09-03T22:40:45
2026-09-03,chifeng,赤峰,2,低,observed,2026-09-03T22:27:52
2026-09-03,chongqing,重庆,1,很低,observed,2026-09-03T22:12:19
2026-09-03,dalian,大连,3,中,observed,2026-09-03T17:31:02
2026-09-03,eerduosi,鄂尔多斯,5,很高,observed,2026-09-03T23:30:00
2026-09-03,fuzhou,福州,-1,暂无,observed,2026-09-03T17:30:28
2026-09-03,guangzhou,广州,1,很低,observed,2026-09-03T22:59:35
2026-09-03,guiyang,贵阳,-1,暂无,observed,2026-09-03T17:05:14
2026-09-03,haerbin,哈尔滨,2,低,observed,2026-09-03T18:49:05
2026-09-03,haikou,海口,-1,暂无,observed,2026-09-03T20:47:52
2026-09-03,hangzhou,杭州,-1,暂无,observed,2026-09-03T22:14:22
2026-09-03,hefei,合肥,-1,暂无,observed,2026-09-03T23:30:00
2026-09-03,huhehaote,呼和浩特,-1,暂无,observed,2026-09-03T23:30:00
2026-09-03,jinan,济南,3,中,observed,2026-09-03T18:42:29
2026-09-03,jiuquan,酒泉,-1,暂无,observed,
2026-09-03,kunming,昆明,2,低,observed,2026-09-03T22:51:31
2026-09-03,lanzhou,兰州,5,很高,observed,2026-09-03T23:00:49
2026-09-03,lasa,拉萨,3,中,observed,2026-09-03T17:44:56
2026-09-03,liaocheng,聊城,3,中,observed,2026-09-03T16:53:08
2026-09-03,liupanshui,六盘水,-1,暂无,observed,2026-09-03T23:30:00
2026-09-03,nanchang,南昌,1,很低,observed,2026-09-03T18:26:54
2026-09-03,nanchong,南充,1,很低,observed,2026-09-03T17:45:45
2026-09-03,nanning,南宁,2,低,observed,2026-09-03T17:00:41
2026-09-03,shanghai,上海,1,很低,observed,2026-09-03T23:30:00
2026-09-03,shenyang,沈阳,4,高,observed,2026-09-03T20:23:21
2026-09-03,shenzhen,深圳,1,很低,observed,2026-09-03T23:05:33
2026-09-03,shijiazhuang,石家庄,3,中,observed,2026-09-03T23:30:00
2026-09-03,taiyuan,太原,5,很高,observed,2026-09-03T17:43:53
2026-09-03,tianjin,天津,4,高,observed,2026-09-03T16:20:52
2026-09-03,wuhai,乌海,5,很高,observed,2026-09-03T17:51:55
2026-09-03,wuhan,武汉,1,很低,observed,2026-09-03T23:01:49
2026-09-03,wulanhaote,乌兰浩特,-1,暂无,observed,2026-09-03T23:30:00
2026-09-03,wulumuqi,乌鲁木齐,1,很低,observed,2026-09-03T21:32:49
2026-09-03,wuxi,无锡,1,很低,observed,2026-09-03T16:17:06
2026-09-03,xian,西安,5,很高,observed,2026-09-03T16:14:22
2026-09-03,xianyang,咸阳,4,高,observed,2026-09-03T16:55:10
2026-09-03,xining,西宁,1,很低,observed,2026-09-03T21:49:13
2026-09-03,yanan,延安,-1,暂无,observed,2026-09-03T23:30:00
2026-09-03,yangzhou,扬州,1,很低,observed,2026-09-03T23:30:00
2026-09-03,yantai,烟台,4,高,observed,2026-09-03T16:27:32
2026-09-03,yinchuan,银川,4,高,observed,2026-09-03T18:05:52
2026-09-03,yulin,榆林,5,很高,observed,2026-09-03T22:11:16
2026-09-03,zhangjiakou,张家口,5,很高,observed,2026-09-03T17:38:49
2026-09-03,zhengzhou,郑州,3,中,observed,2026-09-03T18:07:08
2026-09-03,zibo,淄博,4,高,observed,2026-09-03T23:30:00
2026-09-04,baoding,保定,4,高,observed,2026-09-04T17:04:59
2026-09-04,baotou,包头,5,很高,observed,2026-09-04T17:21:06
2026-09-04,beijing,北京,5,很高,forecast,2026-09-03T23:30:00
2026-09-04,botou,泊头,3,中,forecast,2026-09-03T22:11:04
2026-09-04,botou,泊头,4,高,observed,2026-09-04T20:57:03
2026-09-04,cangzhou,沧州,4,高,observed,2026-09-04T17:03:35
2026-09-04,changchun,长春,3,中,forecast,2026-09-03T20:20:12
2026-09-04,changchun,长春,2,低,observed,2026-09-04T20:35:04
2026-09-04,changsha,长沙,1,很低,observed,2026-09-04T17:15:57
2026-09-04,chengde,承德,3,中,observed,2026-09-04T17:07:33
2026-09-04,chengdu,成都,4,高,forecast,2026-09-03T22:40:45
2026-09-04,chifeng,赤峰,2,低,forecast,2026-09-03T22:27:52
2026-09-04,chifeng,赤峰,3,中,observed,2026-09-04T21:49:33
2026-09-04,chongqing,重庆,1,很低,forecast,2026-09-03T22:12:19
2026-09-04,chongqing,重庆,1,很低,observed,2026-09-04T21:15:52
2026-09-04,dalian,大连,3,中,observed,2026-09-04T17:31:22
2026-09-04,eerduosi,鄂尔多斯,-1,暂无,forecast,2026-09-03T23:30:00
2026-09-04,eerduosi,鄂尔多斯,5,很高,observed,2026-09-04T20:15:37
2026-09-04,fuzhou,福州,-1,暂无,forecast,2026-09-03T17:30:28
2026-09-04,fuzhou,福州,-1,暂无,observed,2026-09-04T20:46:38
2026-09-04,guangzhou,广州,1,很低,forecast,2026-09-03T22:59:35
2026-09-04,guangzhou,广州,2,低,observed,2026-09-04T19:29:53
2026-09-04,guiyang,贵阳,-1,暂无,forecast,2026-09-03T17:05:14
2026-09-04,guiyang,贵阳,-1,暂无,observed,2026-09-04T20:55:16
2026-09-04,haerbin,哈尔滨,2,低,forecast,2026-09-03T18:49:05
2026-09-04,haerbin,哈尔滨,2,低,observed,2026-09-04T20:46:07
2026-09-04,haikou,海口,-1,暂无,forecast,2026-09-03T20:47:52
2026-09-04,haikou,海口,1,很低,observed,2026-09-04T22:11:06
2026-09-04,hangzhou,杭州,-1,暂无,forecast,2026-09-03T22:14:22
2026-09-04,hangzhou,杭州,1,很低,observed,2026-09-04T19:00:20
2026-09-04,hefei,合肥,-1,暂无,forecast,2026-09-03T23:30:00
2026-09-04,huhehaote,呼和浩特,-1,暂无,forecast,2026-09-03T23:30:00
2026-09-04,jinan,济南,4,高,observed,2026-09-04T17:55:20
2026-09-04,jiuquan,酒泉,-1,暂无,observed,
2026-09-04,kunming,昆明,2,低,forecast,2026-09-03T22:51:31
2026-09-04,lanzhou,兰州,5,很高,forecast,2026-09-03T23:00:49
2026-09-04,lasa,拉萨,2,低,observed,2026-09-04T17:51:41
2026-09-04,liaocheng,聊城,3,中,observed,2026-09-04T16:38:11
2026-09-04,liupanshui,六盘水,-1,暂无,forecast,2026-09-03T23:30:00
2026-09-04,nanchang,南昌,1,很低,observed,2026-09-04T17:43:49
2026-09-04,nanchong,南充,-1,暂无,observed,2026-09-04T17:12:52
2026-09-04,nanning,南宁,2,低,observed,2026-09-04T17:37:56
2026-09-04,shanghai,上海,1,很低,forecast,2026-09-03T23:30:00
2026-09-04,shenyang,沈阳,4,高,forecast,2026-09-03T20:23:21
2026-09-04,shenyang,沈阳,3,中,observed,2026-09-04T19:38:28
2026-09-04,shenzhen,深圳,1,很低,observed,2026-09-04T16:03:40
2026-09-04,shijiazhuang,石家庄,3,中,forecast,2026-09-03T23:30:00
2026-09-04,shijiazhuang,石家庄,3,中,observed,2026-09-04T22:17:07
2026-09-04,taiyuan,太原,5,很高,forecast,2026-09-03T17:43:53
2026-09-04,taiyuan,太原,5,很高,observed,2026-09-04T18:56:21
2026-09-04,tianjin,天津,4,高,observed,2026-09-04T18:32:03
2026-09-04,wuhai,乌海,5,很高,observed,2026-09-04T17:23:43
2026-09-04,wuhan,武汉,1,很低,forecast,2026-09-03T23:01:49
2026-09-04,wuhan,武汉,2,低,observed,2026-09-04T19:40:41
2026-09-04,wulanhaote,乌兰浩特,-1,暂无,forecast,2026-09-03T23:30:00
2026-09-04,wulumuqi,乌鲁木齐,1,很低,forecast,2026-09-03T21:32:49
2026-09-04,wulumuqi,乌鲁木齐,2,低,observed,2026-09-04T21:37:17
2026-09-04,wuxi,无锡,1,很低,observed,2026-09-04T17:41:26
2026-09-04,xian,西安,5,很高,forecast,2026-09-03T16:14:22
2026-09-04,xian,西安,5,很高,observed,2026-09-04T22:19:53
2026-09-04,xianyang,咸阳,5,很高,observed,2026-09-04T17:14:19
2026-09-04,xining,西宁,1,很低,forecast,2026-09-03T21:49:13
2026-09-04,xining,西宁,1,很低,observed,2026-09-04T21:54:42
2026-09-04,yanan,延安,-1,暂无,forecast,2026-09-03T23:30:00
2026-09-04,yangzhou,扬州,1,很低,forecast,2026-09-03T23:30:00
2026-09-04,yangzhou,扬州,1,很低,observed,2026-09-04T22:12:08
2026-09-04,yantai,烟台,3,中,observed,2026-09-04T17:40:24
2026-09-04,yinchuan,银川,4,高,forecast,2026-09-03T18:05:52
2026-09-04,yinchuan,银川,4,高,observed,2026-09-04T18:59:55
2026-09-04,yulin,榆林,5,很高,forecast,2026-09-03T22:11:16
2026-09-04,yulin,榆林,5,很高,observed,2026-09-04T22:20:27
2026-09-04,zhangjiakou,张家口,5,很高,observed,2026-09-04T17:11:59
2026-09-04,zhengzhou,郑州,4,高,observed,2026-09-04T18:05:49
2026-09-04,zibo,淄博,4,高,forecast,2026-09-03T23:30:00
2026-09-05,baoding,保定,4,高,forecast,
2026-09-05,baotou,包头,5,很高,forecast,
2026-09-05,beijing,北京,5,很高,forecast,
2026-09-05,botou,泊头,3,中,forecast,
2026-09-05,cangzhou,沧州,4,高,forecast,
2026-09-05,changchun,长春,3,中,forecast,
2026-09-05,changsha,长沙,1,很低,forecast,
2026-09-05,chengde,承德,3,中,forecast,
2026-09-05,chengdu,成都,3,中,forecast,
2026-09-05,chifeng,赤峰,3,中,forecast,
2026-09-05,chongqing,重庆,1,很低,forecast,
2026-09-05,dalian,大连,3,中,forecast,
2026-09-05,eerduosi,鄂尔多斯,0,未检测到花粉,forecast,
2026-09-05,fuzhou,福州,0,未检测到花粉,forecast,
2026-09-05,guangzhou,广州,1,很低,forecast,
2026-09-05,guiyang,贵阳,1,很低,forecast,
2026-09-05,haerbin,哈尔滨,1,很低,forecast,
2026-09-05,haikou,海口,1,很低,forecast,
2026-09-05,hangzhou,杭州,1,很低,forecast,
2026-09-05,hefei,合肥,1,很低,forecast,
2026-09-05,huhehaote,呼和浩特,1,很低,forecast,
2026-09-05,jinan,济南,3,中,forecast,
2026-09-05,jiuquan,酒泉,-1,暂无,forecast,
2026-09-05,kunming,昆明,2,低,forecast,
2026-09-05,lanzhou,兰州,5,很高,forecast,
2026-09-05,lasa,拉萨,3,中,forecast,
2026-09-05,liaocheng,聊城,3,中,forecast,
2026-09-05,liupanshui,六盘水,1,很低,forecast,
2026-09-05,nanchang,南昌,1,很低,forecast,
2026-09-05,nanchong,南充,1,很低,forecast,
2026-09-05,nanning,南宁,1,很低,forecast,
2026-09-05,shanghai,上海,1,很低,forecast,
2026-09-05,shenyang,沈阳,4,高,forecast,
2026-09-05,shenzhen,深圳,1,很低,forecast,
2026-09-05,shijiazhuang,石家庄,3,中,forecast,
2026-09-05,taiyuan,太原,5,很高,forecast,
2026-09-05,tianjin,天津,3,中,forecast,
2026-09-05,wuhai,乌海,5,很高,forecast,
2026-09-05,wuhan,武汉,1,很低,forecast,
2026-09-05,wulanhaote,乌兰浩特,0,未检测到花粉,forecast,
2026-09-05,wulumuqi,乌鲁木齐,2,低,forecast,
2026-09-05,wuxi,无锡,1,很低,forecast,
2026-09-05,xian,西安,5,很高,forecast,
2026-09-05,xianyang,咸阳,5,很高,forecast,
2026-09-05,xining,西宁,1,很低,forecast,
2026-09-05,yanan,延安,3,中,forecast,
2026-09-05,yangzhou,扬州,1,很低,forecast,
2026-09-05,yantai,烟台,4,高,forecast,
2026-09-05,yinchuan,银川,4,高,forecast,
2026-09-05,yulin,榆林,5,很高,forecast,
2026-09-05,zhangjiakou,张家口,5,很高,forecast,
2026-09-05,zhengzhou,郑州,3,中,forecast,
2026-09-05,zibo,淄博,4,高,forecast,
